Checkpoint-1,0
Checkpoint-1,0
Checkpoint-1,0
Checkpoint-1,0
Checkpoint-1,2
Checkpoint-1,3
Checkpoint-1,10
Checkpoint-1,11
Checkpoint-1,24
Checkpoint-1,24
Checkpoint-1,27
Checkpoint-1,28
Checkpoint-1,29
Checkpoint-1,29
Checkpoint-1,29
Checkpoint-1,29
Checkpoint-1,29
Checkpoint-1,29
Checkpoint-1 (1),32
Checkpoint-1 (1),35
Checkpoint-1 (1),41
Checkpoint-1 (1),42
Checkpoint-1 (1),43
Checkpoint-1 (1),44
Checkpoint-1 (1),44
Checkpoint-1 (1),44
Checkpoint-1 (1),44
Checkpoint-1 (2),47
Checkpoint-1 (2),49
Checkpoint-1 (2),53
Checkpoint-1 (2),54
Checkpoint-1 (2),55
Checkpoint-1 (2),56
Checkpoint-1 (2),56
Checkpoint-1 (2),56
Checkpoint-1 (2),56
Checkpoint-1 (3),58
Checkpoint-1 (3),59
Checkpoint-1 (3),63
Checkpoint-1 (3),63
Checkpoint-1 (3),65
Checkpoint-1 (3),65
Checkpoint-1 (3),65
Checkpoint-1 (3),65
Checkpoint-1 (3),65
Checkpoint-1 (3),65
Checkpoint-1 (4),67
Checkpoint-1 (4),68
Checkpoint-1 (4),72
Checkpoint-1 (4),72
Checkpoint-1 (4),73
Checkpoint-1 (4),73
Checkpoint-1 (4),73
Checkpoint-1 (4),73
Checkpoint-1 (4),73
Checkpoint-1 (5),74
Checkpoint-1 (5),76
Checkpoint-1 (5),79
Checkpoint-1 (5),79
Checkpoint-1 (5),80
Checkpoint-1 (5),81
Checkpoint-1 (5),81
Checkpoint-1 (5),81
Checkpoint-1 (5),81
Checkpoint-1 (6),82
Checkpoint-1 (6),83
Checkpoint-1 (6),82
Checkpoint-1 (6),82
Checkpoint-1 (6),81
Checkpoint-1 (6),81
Checkpoint-1 (6),81
Checkpoint-1 (6),81
Checkpoint-1 (6),81
Checkpoint-1 (7),80
Checkpoint-1 (7),78
Checkpoint-1 (7),75
Checkpoint-1 (7),74
Checkpoint-1 (7),73
Checkpoint-1 (7),73
Checkpoint-1 (7),73
Checkpoint-1 (7),73
Checkpoint-1 (7),73
Checkpoint-1 (8),71
Checkpoint-1 (8),69
Checkpoint-1 (8),66
Checkpoint-1 (8),66
Checkpoint-1 (8),65
Checkpoint-1 (8),64
Checkpoint-1 (8),64
Checkpoint-1 (8),64
Checkpoint-1 (8),64
Checkpoint-1 (9),62
Checkpoint-1 (9),60
Checkpoint-1 (9),56
Checkpoint-1 (9),56
Checkpoint-1 (9),54
Checkpoint-1 (9),54
Checkpoint-1 (9),54
Checkpoint-1 (9),54
Checkpoint-1 (9),53
Checkpoint-1 (10),51
Checkpoint-1 (10),49
Checkpoint-1 (10),52
Checkpoint-1 (10),52
Checkpoint-1 (10),54
Checkpoint-1 (10),54
Checkpoint-1 (10),55
Checkpoint-1 (10),55
Checkpoint-1 (10),55
Checkpoint-1 (11),56
Checkpoint-1 (11),58
Checkpoint-1 (11),62
Checkpoint-1 (11),62
Checkpoint-1 (11),64
Checkpoint-1 (11),64
Checkpoint-1 (11),64
Checkpoint-1 (11),64
Checkpoint-1 (11),64
Checkpoint-1 (11),64
Checkpoint-1 (11),64
Checkpoint-1 (11),64
Checkpoint-1 (11),64
Checkpoint-1 (12),66
Checkpoint-1 (12),67
Checkpoint-1 (12),71
Checkpoint-1 (12),71
Checkpoint-1 (12),72
Checkpoint-1 (12),72
Checkpoint-1 (12),72
Checkpoint-1 (12),72
Checkpoint-1 (12),72
Checkpoint-1 (13),74
Checkpoint-1 (13),75
Checkpoint-1 (13),78
Checkpoint-1 (13),78
Checkpoint-1 (13),79
Checkpoint-1 (13),80
Checkpoint-1 (13),80
Checkpoint-1 (13),80
Checkpoint-1 (13),80
Checkpoint-1 (14),81
Checkpoint-1 (14),82
Checkpoint-1 (14),85
Checkpoint-1 (14),85
Checkpoint-1 (14),86
Checkpoint-1 (14),87
Checkpoint-1 (14),87
Checkpoint-1 (14),87
Checkpoint-1 (14),87
Checkpoint-1 (14),87
Checkpoint-1 (14),87
Checkpoint-1 (14),87
Checkpoint-1 (14),87
Checkpoint-1 (15),88
Checkpoint-1 (15),89
Checkpoint-1 (15),92
Checkpoint-1 (15),92
Checkpoint-1 (15),93
Checkpoint-1 (15),93
Checkpoint-1 (15),93
Checkpoint-1 (15),93
Checkpoint-1 (15),93
Checkpoint-1 (15),93
Checkpoint-1 (15),93
Checkpoint-1 (15),93
Checkpoint-1 (15),93
Checkpoint-1 (16),94
Checkpoint-1 (16),95
Checkpoint-1 (16),98
Checkpoint-1 (16),98
Checkpoint-1 (16),98
Checkpoint-1 (16),99
Checkpoint-1 (16),99
Checkpoint-1 (16),99
Checkpoint-1 (16),99
Checkpoint-1 (17),100
Checkpoint-1 (17),101
Checkpoint-1 (17),103
Checkpoint-1 (17),103
Checkpoint-1 (17),103
Checkpoint-1 (17),103
Checkpoint-1 (17),103
Checkpoint-1 (17),103
Checkpoint-1 (17),103
Checkpoint-1 (18),102
Checkpoint-1 (18),100
Checkpoint-1 (18),98
Checkpoint-1 (18),98
Checkpoint-1 (18),97
Checkpoint-1 (18),97
Checkpoint-1 (18),96
Checkpoint-1 (18),96
Checkpoint-1 (18),96
Checkpoint-1 (19),96
Checkpoint-1 (19),94
Checkpoint-1 (19),91
Checkpoint-1 (19),91
Checkpoint-1 (19),90
Checkpoint-1 (19),89
Checkpoint-1 (19),89
Checkpoint-1 (19),89
Checkpoint-1 (19),89
Checkpoint-1 (19),89
Checkpoint-1 (19),89
Checkpoint-1 (19),89
Checkpoint-1 (20),87
Checkpoint-1 (20),85
Checkpoint-1 (20),85
Checkpoint-1 (20),79
Checkpoint-1 (20),77
Checkpoint-1 (20),76
Checkpoint-1 (20),76
Checkpoint-1 (21),73
Checkpoint-1 (21),70
Checkpoint-1 (21),65
Checkpoint-1 (21),64
Checkpoint-1 (21),63
Checkpoint-1 (21),62
Checkpoint-1 (21),62
Checkpoint-1 (21),62
Checkpoint-1 (21),62
Checkpoint-1 (21),62
Checkpoint-1 (21),62
Checkpoint-1 (22),59
Checkpoint-1 (22),55
Checkpoint-1 (22),50
Checkpoint-1 (22),50
Checkpoint-1 (22),48
Checkpoint-1 (22),47
Checkpoint-1 (22),47
Checkpoint-1 (22),47
Checkpoint-1 (22),47
Checkpoint-1 (23),42
Checkpoint-1 (23),42
Checkpoint-1 (23),48
Checkpoint-1 (23),48
Checkpoint-1 (23),50
Checkpoint-1 (23),50
Checkpoint-1 (23),51
Checkpoint-1 (23),51
Checkpoint-1 (23),51
Checkpoint-1 (24),54
Checkpoint-1 (24),55
Checkpoint-1 (24),60
Checkpoint-1 (24),60
Checkpoint-1 (24),61
Checkpoint-1 (24),62
Checkpoint-1 (24),62
Checkpoint-1 (24),62
Checkpoint-1 (24),62
Checkpoint-1 (25),63
Checkpoint-1 (25),63
Checkpoint-1 (25),65
Checkpoint-1 (25),65
Checkpoint-1 (25),65
Checkpoint-1 (25),66
Checkpoint-1 (25),66
Checkpoint-1 (25),66
Checkpoint-1 (25),66
Checkpoint-1 (26),67
Checkpoint-1 (26),67
Checkpoint-1 (26),69
Checkpoint-1 (26),69
Checkpoint-1 (26),70
Checkpoint-1 (26),71
Checkpoint-1 (26),71
Checkpoint-1 (26),71
Checkpoint-1 (26),71
Checkpoint-1 (27),71
Checkpoint-1 (26),71
Checkpoint-1 (26),71
Checkpoint-1 (26),71
Checkpoint-1 (27),74
Checkpoint-1 (27),76
Checkpoint-1 (27),77
Checkpoint-1 (27),78
Checkpoint-1 (27),78
Checkpoint-1 (27),78
Checkpoint-1 (27),78
Checkpoint-1 (27),78
Checkpoint-1 (28),79
Checkpoint-1 (28),81
Checkpoint-1 (28),84
Checkpoint-1 (28),84
Checkpoint-1 (28),85
Checkpoint-1 (28),85
Checkpoint-1 (28),85
Checkpoint-1 (28),85
Checkpoint-1 (28),85
Checkpoint-1 (29),86
Checkpoint-1 (29),87
Checkpoint-1 (29),90
Checkpoint-1 (29),90
Checkpoint-1 (29),91
Checkpoint-1 (29),91
Checkpoint-1 (29),91
Checkpoint-1 (29),91
Checkpoint-1 (29),91
Checkpoint-1 (30),92
Checkpoint-1 (30),94
Checkpoint-1 (30),96
Checkpoint-1 (30),96
Checkpoint-1 (30),97
Checkpoint-1 (30),97
Checkpoint-1 (30),97
Checkpoint-1 (30),97
Checkpoint-1 (30),97
Checkpoint-1 (31),98
Checkpoint-1 (31),99
Checkpoint-1 (31),102
Checkpoint-1 (31),102
Checkpoint-1 (31),103
Checkpoint-1 (31),103
Checkpoint-1 (31),103
Checkpoint-1 (31),103
Checkpoint-1 (31),103
Checkpoint-1 (32),104
Checkpoint-1 (32),105
Checkpoint-1 (32),107
Checkpoint-1 (32),107
Checkpoint-1 (32),108
Checkpoint-1 (32),108
Checkpoint-1 (32),108
Checkpoint-1 (32),108
Checkpoint-1 (32),108
Checkpoint-1 (33),109
Checkpoint-1 (33),110
Checkpoint-1 (33),112
Checkpoint-1 (33),112
Checkpoint-1 (33),113
Checkpoint-1 (33),113
Checkpoint-1 (33),113
Checkpoint-1 (33),113
Checkpoint-1 (33),113
Checkpoint-1 (34),114
Checkpoint-1 (34),115
Checkpoint-1 (34),117
Checkpoint-1 (34),117
Checkpoint-1 (34),118
Checkpoint-1 (34),118
Checkpoint-1 (34),118
Checkpoint-1 (34),118
Checkpoint-1 (34),118
Checkpoint-1 (35),119
Checkpoint-1 (35),120
Checkpoint-1 (35),122
Checkpoint-1 (35),122
Checkpoint-1 (35),122
Checkpoint-1 (35),122
Checkpoint-1 (35),122
Checkpoint-1 (35),122
Checkpoint-1 (35),122
Checkpoint-1 (36),121
Checkpoint-1 (36),120
Checkpoint-1 (36),118
Checkpoint-1 (36),118
Checkpoint-1 (36),117
Checkpoint-1 (36),117
Checkpoint-1 (36),117
Checkpoint-1 (36),117
Checkpoint-1 (36),117
Checkpoint-1 (37),116
Checkpoint-1 (37),115
Checkpoint-1 (37),113
Checkpoint-1 (37),113
Checkpoint-1 (37),112
Checkpoint-1 (37),112
Checkpoint-1 (37),111
Checkpoint-1 (37),111
Checkpoint-1 (37),111
Checkpoint-1 (38),111
Checkpoint-1 (38),109
Checkpoint-1 (38),107
Checkpoint-1 (38),107
Checkpoint-1 (38),106
Checkpoint-1 (38),106
Checkpoint-1 (38),106
Checkpoint-1 (38),106
Checkpoint-1 (38),106
Checkpoint-1 (38),106
Checkpoint-1 (38),106
Checkpoint-1 (38),106
Checkpoint-1 (38),106
Checkpoint-1 (39),105
Checkpoint-1 (39),104
Checkpoint-1 (39),101
Checkpoint-1 (39),101
Checkpoint-1 (39),100
Checkpoint-1 (39),100
Checkpoint-1 (39),100
Checkpoint-1 (39),100
Checkpoint-1 (39),100
Checkpoint-1 (40),99
Checkpoint-1 (40),98
Checkpoint-1 (40),95
Checkpoint-1 (40),95
Checkpoint-1 (40),94
Checkpoint-1 (40),94
Checkpoint-1 (40),94
Checkpoint-1 (40),94
Checkpoint-1 (40),94
Checkpoint-1 (41),93
Checkpoint-1 (41),91
Checkpoint-1 (41),89
Checkpoint-1 (41),88
Checkpoint-1 (41),88
Checkpoint-1 (41),87
Checkpoint-1 (41),87
Checkpoint-1 (41),87
Checkpoint-1 (41),87
Checkpoint-1 (42),86
Checkpoint-1 (42),84
Checkpoint-1 (42),82
Checkpoint-1 (42),81
Checkpoint-1 (42),80
Checkpoint-1 (42),80
Checkpoint-1 (42),80
Checkpoint-1 (42),80
Checkpoint-1 (42),80
Checkpoint-1 (43),78
Checkpoint-1 (43),77
Checkpoint-1 (43),74
Checkpoint-1 (43),74
Checkpoint-1 (43),74
Checkpoint-1 (43),74
Checkpoint-1 (43),75
Checkpoint-1 (43),75
Checkpoint-1 (43),75
Checkpoint-1 (44),76
Checkpoint-1 (44),77
Checkpoint-1 (44),80
Checkpoint-1 (44),80
Checkpoint-1 (44),81
Checkpoint-1 (44),82
Checkpoint-1 (44),82
Checkpoint-1 (44),82
Checkpoint-1 (44),82
Checkpoint-1 (45),83
Checkpoint-1 (45),84
Checkpoint-1 (45),84
Checkpoint-1 (45),84
Checkpoint-1 (45),83
Checkpoint-1 (45),82
Checkpoint-1 (45),82
Checkpoint-1 (45),82
Checkpoint-1 (45),82
Checkpoint-1 (46),81
Checkpoint-1 (46),79
Checkpoint-1 (46),76
Checkpoint-1 (46),76
Checkpoint-1 (46),75
Checkpoint-1 (46),75
Checkpoint-1 (46),75
Checkpoint-1 (46),75
Checkpoint-1 (46),74
Checkpoint-1 (46),74
Checkpoint-1 (46),74
Checkpoint-1 (47),68
Checkpoint-1 (47),67
Checkpoint-1 (47),62
Checkpoint-1 (47),62
Checkpoint-1 (47),60
Checkpoint-1 (47),60
Checkpoint-1 (47),60
Checkpoint-1 (47),60
Checkpoint-1 (47),60
Checkpoint-1 (48),59
Checkpoint-1 (48),57
Checkpoint-1 (48),53
Checkpoint-1 (48),53
Checkpoint-1 (48),51
Checkpoint-1 (48),51
Checkpoint-1 (48),51
Checkpoint-1 (48),51
Checkpoint-1 (48),50
Checkpoint-1 (48),50
Checkpoint-1 (48),50
Checkpoint-1 (49),49
Checkpoint-1 (49),49
Checkpoint-1 (49),53
Checkpoint-1 (49),53
Checkpoint-1 (49),55
Checkpoint-1 (49),55
Checkpoint-1 (49),55
Checkpoint-1 (49),55
Checkpoint-1 (49),55
Checkpoint-1 (50),59
Checkpoint-1 (50),61
Checkpoint-1 (50),65
Checkpoint-1 (50),65
Checkpoint-1 (50),66
Checkpoint-1 (50),67
Checkpoint-1 (50),67
Checkpoint-1 (50),67
Checkpoint-1 (50),67
Checkpoint-1 (51),70
Checkpoint-1 (51),72
Checkpoint-1 (51),75
Checkpoint-1 (51),75
Checkpoint-1 (51),76
Checkpoint-1 (51),77
Checkpoint-1 (51),77
Checkpoint-1 (51),77
Checkpoint-1 (51),77
Checkpoint-1 (52),79
Checkpoint-1 (52),79
Checkpoint-1 (52),81
Checkpoint-1 (52),81
Checkpoint-1 (52),81
Checkpoint-1 (52),81
Checkpoint-1 (52),81
Checkpoint-1 (52),81
Checkpoint-1 (52),81
Checkpoint-1 (52),81
Checkpoint-1 (52),81
Checkpoint-1 (53),82
Checkpoint-1 (53),82
Checkpoint-1 (53),83
Checkpoint-1 (53),84
Checkpoint-1 (53),85
Checkpoint-1 (53),85
Checkpoint-1 (53),85
Checkpoint-1 (53),85
Checkpoint-1 (53),85
Checkpoint-1,86
Checkpoint-1,87
Checkpoint-1,90
Checkpoint-1,90
Checkpoint-1,91
Checkpoint-1,91
Checkpoint-1,91
Checkpoint-1,91
Checkpoint-1,91
Checkpoint-1 (1),92
Checkpoint-1 (1),93
Checkpoint-1 (1),96
Checkpoint-1 (1),96
Checkpoint-1 (1),96
Checkpoint-1 (1),97
Checkpoint-1 (1),97
Checkpoint-1 (1),97
Checkpoint-1 (1),97
Checkpoint-1 (2),98
Checkpoint-1 (2),99
Checkpoint-1 (2),101
Checkpoint-1 (2),101
Checkpoint-1 (2),102
Checkpoint-1 (2),102
Checkpoint-1 (2),102
Checkpoint-1 (2),102
Checkpoint-1 (2),102
Checkpoint-1 (3),103
Checkpoint-1 (3),105
Checkpoint-1 (3),107
Checkpoint-1 (3),107
Checkpoint-1 (3),107
Checkpoint-1 (3),108
Checkpoint-1 (3),108
Checkpoint-1 (3),108
Checkpoint-1 (3),108
Checkpoint-1 (4),109
Checkpoint-1 (4),110
Checkpoint-1 (4),112
Checkpoint-1 (4),112
Checkpoint-1 (4),112
Checkpoint-1 (4),113
Checkpoint-1 (4),113
Checkpoint-1 (4),113
Checkpoint-1 (4),113
Checkpoint-1 (5),114
Checkpoint-1 (5),115
Checkpoint-1 (5),117
Checkpoint-1 (5),117
Checkpoint-1 (5),117
Checkpoint-1 (5),117
Checkpoint-1 (5),118
Checkpoint-1 (5),118
Checkpoint-1 (5),118
Checkpoint-1 (6),119
Checkpoint-1 (6),119
Checkpoint-1 (6),121
Checkpoint-1 (6),121
Checkpoint-1 (6),122
Checkpoint-1 (6),122
Checkpoint-1 (6),122
Checkpoint-1 (6),122
Checkpoint-1 (7),123
Checkpoint-1 (7),124
Checkpoint-1 (7),126
Checkpoint-1 (7),126
Checkpoint-1 (7),126
Checkpoint-1 (7),127
Checkpoint-1 (7),127
Checkpoint-1 (7),127
Checkpoint-1 (7),127
Checkpoint-1 (8),128
Checkpoint-1 (8),128
Checkpoint-1 (8),130
Checkpoint-1 (8),130
Checkpoint-1 (8),131
Checkpoint-1 (8),131
Checkpoint-1 (8),131
Checkpoint-1 (8),131
Checkpoint-1 (8),131
Checkpoint-1 (9),132
Checkpoint-1 (9),133
Checkpoint-1 (9),134
Checkpoint-1 (9),134
Checkpoint-1 (9),135
Checkpoint-1 (9),135
Checkpoint-1 (9),135
Checkpoint-1 (9),135
Checkpoint-1 (9),135
Checkpoint-1 (9),135
Checkpoint-1 (10),136
Checkpoint-1 (10),137
Checkpoint-1 (10),138
Checkpoint-1 (10),138
Checkpoint-1 (10),139
Checkpoint-1 (10),139
Checkpoint-1 (10),139
Checkpoint-1 (10),139
Checkpoint-1 (10),139
Checkpoint-1 (11),140
Checkpoint-1 (11),141
Checkpoint-1 (11),142
Checkpoint-1 (11),142
Checkpoint-1 (11),143
Checkpoint-1 (11),143
Checkpoint-1 (11),143
Checkpoint-1 (11),143
Checkpoint-1 (11),143
Checkpoint-1 (12),144
Checkpoint-1 (12),145
Checkpoint-1 (12),146
Checkpoint-1 (12),146
Checkpoint-1 (12),147
Checkpoint-1 (12),147
Checkpoint-1 (12),147
Checkpoint-1 (12),147
Checkpoint-1 (12),147
Checkpoint-1 (13),148
Checkpoint-1 (13),149
Checkpoint-1 (13),147
Checkpoint-1 (13),147
Checkpoint-1 (13),146
Checkpoint-1 (13),146
Checkpoint-1 (13),146
Checkpoint-1 (13),146
Checkpoint-1 (13),146
Checkpoint-1 (14),145
Checkpoint-1 (14),144
Checkpoint-1 (14),143
Checkpoint-1 (14),143
Checkpoint-1 (14),142
Checkpoint-1 (14),142
Checkpoint-1 (14),142
Checkpoint-1 (14),142
Checkpoint-1 (14),142
Checkpoint-1 (15),140
Checkpoint-1 (15),140
Checkpoint-1 (15),138
Checkpoint-1 (15),138
Checkpoint-1 (15),137
Checkpoint-1 (15),137
Checkpoint-1 (15),137
Checkpoint-1 (15),137
Checkpoint-1 (15),137
Checkpoint-1 (16),135
Checkpoint-1 (16),135
Checkpoint-1 (16),133
Checkpoint-1 (16),133
Checkpoint-1 (16),133
Checkpoint-1 (16),132
Checkpoint-1 (16),132
Checkpoint-1 (16),132
Checkpoint-1 (16),132
Checkpoint-1 (16),132
Checkpoint-1 (16),132
Checkpoint-1 (16),132
Checkpoint-1 (17),130
Checkpoint-1 (17),130
Checkpoint-1 (17),128
Checkpoint-1 (17),128
Checkpoint-1 (17),128
Checkpoint-1 (17),128
Checkpoint-1 (17),128
Checkpoint-1 (17),127
Checkpoint-1 (17),127
Checkpoint-1 (18),126
Checkpoint-1 (18),125
Checkpoint-1 (18),124
Checkpoint-1 (18),124
Checkpoint-1 (18),123
Checkpoint-1 (18),123
Checkpoint-1 (18),122
Checkpoint-1 (18),122
Checkpoint-1 (18),122
Checkpoint-1 (19),120
Checkpoint-1 (19),120
Checkpoint-1 (19),118
Checkpoint-1 (19),118
Checkpoint-1 (19),116
Checkpoint-1 (19),116
Checkpoint-1 (19),115
Checkpoint-1 (19),115
Checkpoint-1 (19),115
Checkpoint-1 (20),106
Checkpoint-1 (20),105
Checkpoint-1 (20),100
Checkpoint-1 (20),99
Checkpoint-1 (20),98
Checkpoint-1 (20),97
Checkpoint-1 (20),97
Checkpoint-1 (20),97
Checkpoint-1 (20),97
Checkpoint-1 (21),89
Checkpoint-1 (21),89
Checkpoint-1 (21),84
Checkpoint-1 (21),83
Checkpoint-1 (21),81
Checkpoint-1 (21),81
Checkpoint-1 (21),81
Checkpoint-1 (21),81
Checkpoint-1 (21),81
Checkpoint-1 (21),80
Checkpoint-1 (22),76
Checkpoint-1 (22),74
Checkpoint-1 (22),71
Checkpoint-1 (22),71
Checkpoint-1 (22),70
Checkpoint-1 (22),70
Checkpoint-1 (22),70
Checkpoint-1 (22),70
Checkpoint-1 (22),70
Checkpoint-1 (22),69
Checkpoint-1 (23),66
Checkpoint-1 (23),64
Checkpoint-1 (23),61
Checkpoint-1 (23),60
Checkpoint-1 (23),59
Checkpoint-1 (23),58
Checkpoint-1 (23),58
Checkpoint-1 (23),58
Checkpoint-1 (23),58
Checkpoint-1 (23),58
Checkpoint-1 (23),58
Checkpoint-1 (24),60
Checkpoint-1 (24),61
Checkpoint-1 (24),65
Checkpoint-1 (24),65
Checkpoint-1 (24),66
Checkpoint-1 (24),66
Checkpoint-1 (24),66
Checkpoint-1 (24),67
Checkpoint-1 (24),67
Checkpoint-1 (25),68
Checkpoint-1 (25),68
Checkpoint-1 (25),70
Checkpoint-1 (25),70
Checkpoint-1 (25),70
Checkpoint-1 (25),70
Checkpoint-1 (25),71
Checkpoint-1 (25),71
Checkpoint-1 (25),71
Checkpoint-1 (26),73
Checkpoint-1 (26),73
Checkpoint-1 (26),74
Checkpoint-1 (26),74
Checkpoint-1 (26),75
Checkpoint-1 (26),75
Checkpoint-1 (26),75
Checkpoint-1 (26),75
Checkpoint-1 (26),76
Checkpoint-1 (26),76
Checkpoint-1 (26),76
Checkpoint-1 (26),76
Checkpoint-1 (26),76
Checkpoint-1 (27),77
Checkpoint-1 (27),78
Checkpoint-1 (27),81
Checkpoint-1 (27),81
Checkpoint-1 (27),82
Checkpoint-1 (27),82
Checkpoint-1 (27),82
Checkpoint-1 (27),82
Checkpoint-1 (27),82
Checkpoint-1 (28),83
Checkpoint-1 (28),85
Checkpoint-1 (28),87
Checkpoint-1 (28),88
Checkpoint-1 (28),88
Checkpoint-1 (28),89
Checkpoint-1 (28),89
Checkpoint-1 (28),89
Checkpoint-1 (28),89
Checkpoint-1 (29),90
Checkpoint-1 (29),91
Checkpoint-1 (29),94
Checkpoint-1 (29),94
Checkpoint-1 (29),94
Checkpoint-1 (29),95
Checkpoint-1 (29),95
Checkpoint-1 (29),95
Checkpoint-1 (29),95
Checkpoint-1 (30),96
Checkpoint-1 (30),97
Checkpoint-1 (30),99
Checkpoint-1 (30),99
Checkpoint-1 (30),100
Checkpoint-1 (30),100
Checkpoint-1 (30),101
Checkpoint-1 (30),101
Checkpoint-1 (30),101
Checkpoint-1 (31),102
Checkpoint-1 (31),103
Checkpoint-1 (31),105
Checkpoint-1 (31),105
Checkpoint-1 (31),106
Checkpoint-1 (31),106
Checkpoint-1 (31),106
Checkpoint-1 (31),106
Checkpoint-1 (31),106
Checkpoint-1 (32),107
Checkpoint-1 (32),108
Checkpoint-1 (32),110
Checkpoint-1 (32),110
Checkpoint-1 (32),111
Checkpoint-1 (32),111
Checkpoint-1 (32),111
Checkpoint-1 (32),111
Checkpoint-1 (32),111
Checkpoint-1 (33),112
Checkpoint-1 (33),113
Checkpoint-1 (33),115
Checkpoint-1 (33),115
Checkpoint-1 (33),116
Checkpoint-1 (33),116
Checkpoint-1 (33),116
Checkpoint-1 (33),116
Checkpoint-1 (33),116
Checkpoint-1 (34),117
Checkpoint-1 (34),118
Checkpoint-1 (34),120
Checkpoint-1 (34),120
Checkpoint-1 (34),120
Checkpoint-1 (34),121
Checkpoint-1 (34),121
Checkpoint-1 (34),121
Checkpoint-1 (34),121
Checkpoint-1 (35),122
Checkpoint-1 (35),123
Checkpoint-1 (35),124
Checkpoint-1 (35),124
Checkpoint-1 (35),125
Checkpoint-1 (35),125
Checkpoint-1 (35),125
Checkpoint-1 (35),125
Checkpoint-1 (36),126
Checkpoint-1 (36),127
Checkpoint-1 (36),129
Checkpoint-1 (36),129
Checkpoint-1 (36),129
Checkpoint-1 (36),130
Checkpoint-1 (36),130
Checkpoint-1 (36),130
Checkpoint-1 (36),130
Checkpoint-1 (37),130
Checkpoint-1 (37),131
Checkpoint-1 (37),133
Checkpoint-1 (37),133
Checkpoint-1 (37),134
Checkpoint-1 (37),134
Checkpoint-1 (37),134
Checkpoint-1 (37),134
Checkpoint-1 (37),134
Checkpoint-1 (38),135
Checkpoint-1 (38),136
Checkpoint-1 (38),137
Checkpoint-1 (38),137
Checkpoint-1 (38),138
Checkpoint-1 (38),138
Checkpoint-1 (38),138
Checkpoint-1 (38),138
Checkpoint-1 (39),139
Checkpoint-1 (39),140
Checkpoint-1 (39),141
Checkpoint-1 (39),141
Checkpoint-1 (39),142
Checkpoint-1 (39),142
Checkpoint-1 (39),142
Checkpoint-1 (39),142
Checkpoint-1 (39),142
Checkpoint-1 (40),143
Checkpoint-1 (40),143
Checkpoint-1 (40),142
Checkpoint-1 (40),142
Checkpoint-1 (40),141
Checkpoint-1 (40),141
Checkpoint-1 (40),141
Checkpoint-1 (40),141
Checkpoint-1 (40),141
Checkpoint-1 (41),140
Checkpoint-1 (41),139
Checkpoint-1 (41),137
Checkpoint-1 (41),137
Checkpoint-1 (41),137
Checkpoint-1 (41),136
Checkpoint-1 (41),136
Checkpoint-1 (41),136
Checkpoint-1 (41),136
Checkpoint-1 (42),136
Checkpoint-1 (42),134
Checkpoint-1 (42),133
Checkpoint-1 (42),133
Checkpoint-1 (42),132
Checkpoint-1 (42),132
Checkpoint-1 (42),132
Checkpoint-1 (42),132
Checkpoint-1 (42),132
Checkpoint-1 (43),131
Checkpoint-1 (43),130
Checkpoint-1 (43),128
Checkpoint-1 (43),128
Checkpoint-1 (43),127
Checkpoint-1 (43),127
Checkpoint-1 (43),127
Checkpoint-1 (43),127
Checkpoint-1 (43),127
Checkpoint-1 (44),126
Checkpoint-1 (44),125
Checkpoint-1 (44),123
Checkpoint-1 (44),123
Checkpoint-1 (44),123
Checkpoint-1 (44),122
Checkpoint-1 (44),122
Checkpoint-1 (44),122
Checkpoint-1 (44),122
Checkpoint-1 (45),121
Checkpoint-1 (45),120
Checkpoint-1 (45),118
Checkpoint-1 (45),118
Checkpoint-1 (45),117
Checkpoint-1 (45),117
Checkpoint-1 (45),117
Checkpoint-1 (45),117
Checkpoint-1 (45),117
Checkpoint-1 (46),116
Checkpoint-1 (46),115
Checkpoint-1 (46),113
Checkpoint-1 (46),112
Checkpoint-1 (46),112
Checkpoint-1 (46),111
Checkpoint-1 (46),111
Checkpoint-1 (46),111
Checkpoint-1 (46),111
Checkpoint-1 (46),111
Checkpoint-1 (46),111
Checkpoint-1 (46),111
Checkpoint-1 (47),103
Checkpoint-1 (47),102
Checkpoint-1 (47),98
Checkpoint-1 (47),98
Checkpoint-1 (47),97
Checkpoint-1 (47),96
Checkpoint-1 (47),96
Checkpoint-1 (47),96
Checkpoint-1 (47),96
Checkpoint-1 (48),94
Checkpoint-1 (48),92
Checkpoint-1 (48),89
Checkpoint-1 (48),88
Checkpoint-1 (48),87
Checkpoint-1 (48),87
Checkpoint-1 (48),87
Checkpoint-1 (48),86
Checkpoint-1 (48),86
Checkpoint-1 (49),83
Checkpoint-1 (49),81
Checkpoint-1 (49),78
Checkpoint-1 (49),77
Checkpoint-1 (49),76
Checkpoint-1 (49),76
Checkpoint-1 (49),76
Checkpoint-1 (49),76
Checkpoint-1 (49),76
Checkpoint-1 (49),75
Checkpoint-1 (50),72
Checkpoint-1 (50),71
Checkpoint-1 (50),67
Checkpoint-1 (50),67
Checkpoint-1 (50),66
Checkpoint-1 (50),65
Checkpoint-1 (50),65
Checkpoint-1 (50),65
Checkpoint-1 (50),65
Checkpoint-1 (51),60
Checkpoint-1 (51),60
Checkpoint-1 (51),59
Checkpoint-1 (51),54
Checkpoint-1 (51),54
Checkpoint-1 (51),52
Checkpoint-1 (51),52
Checkpoint-1 (51),52
Checkpoint-1 (51),52
Checkpoint-1 (51),52
Checkpoint-1 (51),52
Checkpoint-1 (51),52
Checkpoint-1 (51),52
Checkpoint-1 (51),52
Checkpoint-1 (52),55
Checkpoint-1 (52),56
Checkpoint-1 (52),59
Checkpoint-1 (52),59
Checkpoint-1 (52),60
Checkpoint-1 (52),60
Checkpoint-1 (52),60
Checkpoint-1 (52),60
Checkpoint-1 (52),60
Checkpoint-1 (53),65
Checkpoint-1 (53),66
Checkpoint-1 (53),68
Checkpoint-1 (53),68
Checkpoint-1 (53),70
Checkpoint-1 (53),70
Checkpoint-1 (53),70
Checkpoint-1 (53),70
Checkpoint-1 (53),70
Checkpoint-1 (53),70
Checkpoint-1 (53),70
Checkpoint-1 (53),70
Checkpoint-1,71
Checkpoint-1,73
Checkpoint-1,76
Checkpoint-1,76
Checkpoint-1,77
Checkpoint-1,77
Checkpoint-1,77
Checkpoint-1,77
Checkpoint-1,77
Checkpoint-1 (1),79
Checkpoint-1 (1),80
Checkpoint-1 (1),83
Checkpoint-1 (1),83
Checkpoint-1 (1),84
Checkpoint-1 (1),84
Checkpoint-1 (1),84
Checkpoint-1 (1),84
Checkpoint-1 (1),84
Checkpoint-1 (2),86
Checkpoint-1 (2),87
Checkpoint-1 (2),89
Checkpoint-1 (2),90
Checkpoint-1 (2),90
Checkpoint-1 (2),91
Checkpoint-1 (2),91
Checkpoint-1 (2),91
Checkpoint-1 (2),91
Checkpoint-1 (3),92
Checkpoint-1 (3),93
Checkpoint-1 (3),95
Checkpoint-1 (3),96
Checkpoint-1 (3),96
Checkpoint-1 (3),97
Checkpoint-1 (3),97
Checkpoint-1 (3),97
Checkpoint-1 (3),97
Checkpoint-1 (4),98
Checkpoint-1 (4),99
Checkpoint-1 (4),101
Checkpoint-1 (4),101
Checkpoint-1 (4),102
Checkpoint-1 (4),102
Checkpoint-1 (4),102
Checkpoint-1 (4),102
Checkpoint-1 (4),102
Checkpoint-1 (5),104
Checkpoint-1 (5),105
Checkpoint-1 (5),107
Checkpoint-1 (5),107
Checkpoint-1 (5),107
Checkpoint-1 (5),108
Checkpoint-1 (5),108
Checkpoint-1 (5),108
Checkpoint-1 (5),108
Checkpoint-1 (6),109
Checkpoint-1 (6),110
Checkpoint-1 (6),112
Checkpoint-1 (6),112
Checkpoint-1 (6),112
Checkpoint-1 (6),113
Checkpoint-1 (6),113
Checkpoint-1 (6),113
Checkpoint-1 (6),113
Checkpoint-1 (6),113
Checkpoint-1 (6),113
Checkpoint-1 (6),113
Checkpoint-1 (6),113
Checkpoint-1 (7),114
Checkpoint-1 (7),115
Checkpoint-1 (7),117
Checkpoint-1 (7),117
Checkpoint-1 (7),117
Checkpoint-1 (7),118
Checkpoint-1 (7),118
Checkpoint-1 (7),118
Checkpoint-1 (7),118
Checkpoint-1 (8),119
Checkpoint-1 (8),120
Checkpoint-1 (8),121
Checkpoint-1 (8),121
Checkpoint-1 (8),122
Checkpoint-1 (8),122
Checkpoint-1 (8),122
Checkpoint-1 (8),122
Checkpoint-1 (8),122
Checkpoint-1 (9),123
Checkpoint-1 (9),124
Checkpoint-1 (9),126
Checkpoint-1 (9),126
Checkpoint-1 (9),127
Checkpoint-1 (9),127
Checkpoint-1 (9),127
Checkpoint-1 (9),127
Checkpoint-1 (9),127
Checkpoint-1 (9),127
Checkpoint-1 (9),127
Checkpoint-1 (10),128
Checkpoint-1 (10),129
Checkpoint-1 (10),130
Checkpoint-1 (10),130
Checkpoint-1 (10),131
Checkpoint-1 (10),131
Checkpoint-1 (10),131
Checkpoint-1 (10),131
Checkpoint-1 (10),131
Checkpoint-1 (11),132
Checkpoint-1 (11),133
Checkpoint-1 (11),134
Checkpoint-1 (11),134
Checkpoint-1 (11),135
Checkpoint-1 (11),135
Checkpoint-1 (11),135
Checkpoint-1 (11),135
Checkpoint-1 (11),135
Checkpoint-1 (12),136
Checkpoint-1 (12),137
Checkpoint-1 (12),138
Checkpoint-1 (12),139
Checkpoint-1 (12),139
Checkpoint-1 (12),139
Checkpoint-1 (12),139
Checkpoint-1 (12),139
Checkpoint-1 (12),139
Checkpoint-1 (13),140
Checkpoint-1 (13),141
Checkpoint-1 (13),142
Checkpoint-1 (13),142
Checkpoint-1 (13),143
Checkpoint-1 (13),143
Checkpoint-1 (13),143
Checkpoint-1 (13),143
Checkpoint-1 (13),143
Checkpoint-1 (14),144
Checkpoint-1 (14),143
Checkpoint-1 (14),142
Checkpoint-1 (14),142
Checkpoint-1 (14),141
Checkpoint-1 (14),141
Checkpoint-1 (14),141
Checkpoint-1 (14),141
Checkpoint-1 (14),141
Checkpoint-1 (15),140
Checkpoint-1 (15),139
Checkpoint-1 (15),137
Checkpoint-1 (15),137
Checkpoint-1 (15),137
Checkpoint-1 (15),136
Checkpoint-1 (15),136
Checkpoint-1 (15),136
Checkpoint-1 (15),136
Checkpoint-1 (16),136
Checkpoint-1 (16),135
Checkpoint-1 (16),133
Checkpoint-1 (16),133
Checkpoint-1 (16),132
Checkpoint-1 (16),132
Checkpoint-1 (16),132
Checkpoint-1 (16),132
Checkpoint-1 (16),132
Checkpoint-1 (16),132
Checkpoint-1 (17),131
Checkpoint-1 (17),130
Checkpoint-1 (17),128
Checkpoint-1 (17),128
Checkpoint-1 (17),127
Checkpoint-1 (17),127
Checkpoint-1 (17),127
Checkpoint-1 (17),127
Checkpoint-1 (17),127
Checkpoint-1 (18),126
Checkpoint-1 (18),125
Checkpoint-1 (18),123
Checkpoint-1 (18),123
Checkpoint-1 (18),123
Checkpoint-1 (18),122
Checkpoint-1 (18),122
Checkpoint-1 (18),122
Checkpoint-1 (18),122
Checkpoint-1 (19),121
Checkpoint-1 (19),120
Checkpoint-1 (19),118
Checkpoint-1 (19),118
Checkpoint-1 (19),117
Checkpoint-1 (19),116
Checkpoint-1 (19),116
Checkpoint-1 (19),116
Checkpoint-1 (19),116
Checkpoint-1 (20),110
Checkpoint-1 (20),109
Checkpoint-1 (20),107
Checkpoint-1 (20),107
Checkpoint-1 (20),105
Checkpoint-1 (20),104
Checkpoint-1 (20),104
Checkpoint-1 (20),103
Checkpoint-1 (20),103
Checkpoint-1 (21),102
Checkpoint-1 (21),16
Checkpoint-1 (21),16
Checkpoint-1 (21),18
Checkpoint-1 (21),23
Checkpoint-1 (21),33
Checkpoint-1 (21),33
Checkpoint-1 (21),36
Checkpoint-1 (21),36
Checkpoint-1 (21),37
Checkpoint-1 (21),37
Checkpoint-1 (21),37
Checkpoint-1 (21),37
Checkpoint-1 (21),37
Checkpoint-1 (22),43
Checkpoint-1 (22),45
Checkpoint-1 (22),51
Checkpoint-1 (22),51
Checkpoint-1 (22),52
Checkpoint-1 (22),53
Checkpoint-1 (22),53
Checkpoint-1 (22),53
Checkpoint-1 (22),53
Checkpoint-1 (23),56
Checkpoint-1 (23),58
Checkpoint-1 (23),63
Checkpoint-1 (23),63
Checkpoint-1 (23),64
Checkpoint-1 (23),65
Checkpoint-1 (23),65
Checkpoint-1 (23),65
Checkpoint-1 (23),65
Checkpoint-1 (24),68
Checkpoint-1 (24),68
Checkpoint-1 (24),71
Checkpoint-1 (24),72
Checkpoint-1 (24),73
Checkpoint-1 (24),73
Checkpoint-1 (24),73
Checkpoint-1 (24),73
Checkpoint-1 (24),73
Checkpoint-1 (24),73
Checkpoint-1 (24),73
Checkpoint-1 (25),74
Checkpoint-1 (25),74
Checkpoint-1 (25),76
Checkpoint-1 (25),76
Checkpoint-1 (25),77
Checkpoint-1 (25),77
Checkpoint-1 (25),77
Checkpoint-1 (25),77
Checkpoint-1 (25),77
Checkpoint-1 (26),78
Checkpoint-1 (26),79
Checkpoint-1 (26),80
Checkpoint-1 (26),80
Checkpoint-1 (26),81
Checkpoint-1 (26),81
Checkpoint-1 (26),81
Checkpoint-1 (26),81
Checkpoint-1 (26),81
Checkpoint-1 (26),81
Checkpoint-1 (26),81
Checkpoint-1 (26),81
Checkpoint-1 (27),82
Checkpoint-1 (27),83
Checkpoint-1 (27),86
Checkpoint-1 (27),86
Checkpoint-1 (27),87
Checkpoint-1 (27),87
Checkpoint-1 (27),87
Checkpoint-1 (27),87
Checkpoint-1 (27),87
Checkpoint-1 (28),89
Checkpoint-1 (28),90
Checkpoint-1 (28),92
Checkpoint-1 (28),92
Checkpoint-1 (28),93
Checkpoint-1 (28),93
Checkpoint-1 (28),93
Checkpoint-1 (28),93
Checkpoint-1 (28),93
Checkpoint-1 (29),94
Checkpoint-1 (29),95
Checkpoint-1 (29),97
Checkpoint-1 (29),98
Checkpoint-1 (29),98
Checkpoint-1 (29),99
Checkpoint-1 (29),99
Checkpoint-1 (29),99
Checkpoint-1 (29),99
Checkpoint-1 (30),100
Checkpoint-1 (30),101
Checkpoint-1 (30),103
Checkpoint-1 (30),103
Checkpoint-1 (30),104
Checkpoint-1 (30),104
Checkpoint-1 (30),104
Checkpoint-1 (30),104
Checkpoint-1 (30),104
Checkpoint-1 (30),104
Checkpoint-1 (31),106
Checkpoint-1 (31),107
Checkpoint-1 (31),108
Checkpoint-1 (31),108
Checkpoint-1 (31),109
Checkpoint-1 (31),109
Checkpoint-1 (31),109
Checkpoint-1 (31),109
Checkpoint-1 (31),109
Checkpoint-1 (32),111
Checkpoint-1 (32),112
Checkpoint-1 (32),113
Checkpoint-1 (32),113
Checkpoint-1 (32),114
Checkpoint-1 (32),114
Checkpoint-1 (32),114
Checkpoint-1 (32),114
Checkpoint-1 (32),114
Checkpoint-1 (33),116
Checkpoint-1 (33),116
Checkpoint-1 (33),118
Checkpoint-1 (33),118
Checkpoint-1 (33),119
Checkpoint-1 (33),119
Checkpoint-1 (33),119
Checkpoint-1 (33),119
Checkpoint-1 (33),119
Checkpoint-1 (34),120
Checkpoint-1 (34),121
Checkpoint-1 (34),123
Checkpoint-1 (34),123
Checkpoint-1 (34),123
Checkpoint-1 (34),124
Checkpoint-1 (34),124
Checkpoint-1 (34),124
Checkpoint-1 (34),124
Checkpoint-1 (35),125
Checkpoint-1 (35),125
Checkpoint-1 (35),127
Checkpoint-1 (35),127
Checkpoint-1 (35),128
Checkpoint-1 (35),128
Checkpoint-1 (35),128
Checkpoint-1 (35),128
Checkpoint-1 (35),128
Checkpoint-1 (36),129
Checkpoint-1 (36),129
Checkpoint-1 (36),131
Checkpoint-1 (36),131
Checkpoint-1 (36),132
Checkpoint-1 (36),132
Checkpoint-1 (36),132
Checkpoint-1 (36),132
Checkpoint-1 (36),132
Checkpoint-1 (37),133
Checkpoint-1 (37),134
Checkpoint-1 (37),136
Checkpoint-1 (37),136
Checkpoint-1 (37),136
Checkpoint-1 (37),136
Checkpoint-1 (37),136
Checkpoint-1 (37),137
Checkpoint-1 (37),137
Checkpoint-1 (38),137
Checkpoint-1 (38),138
Checkpoint-1 (38),140
Checkpoint-1 (38),140
Checkpoint-1 (38),140
Checkpoint-1 (38),140
Checkpoint-1 (38),140
Checkpoint-1 (38),140
Checkpoint-1 (38),140
Checkpoint-1 (39),140
Checkpoint-1 (39),140
Checkpoint-1 (39),138
Checkpoint-1 (39),138
Checkpoint-1 (39),137
Checkpoint-1 (39),137
Checkpoint-1 (39),137
Checkpoint-1 (39),137
Checkpoint-1 (39),137
Checkpoint-1 (40),136
Checkpoint-1 (40),135
Checkpoint-1 (40),133
Checkpoint-1 (40),133
Checkpoint-1 (40),133
Checkpoint-1 (40),132
Checkpoint-1 (40),132
Checkpoint-1 (40),132
Checkpoint-1 (40),132
Checkpoint-1 (41),131
Checkpoint-1 (41),131
Checkpoint-1 (41),129
Checkpoint-1 (41),128
Checkpoint-1 (41),128
Checkpoint-1 (41),128
Checkpoint-1 (41),128
Checkpoint-1 (41),128
Checkpoint-1 (41),128
Checkpoint-1 (42),126
Checkpoint-1 (42),126
Checkpoint-1 (42),124
Checkpoint-1 (42),124
Checkpoint-1 (42),123
Checkpoint-1 (42),123
Checkpoint-1 (42),123
Checkpoint-1 (42),123
Checkpoint-1 (42),123
Checkpoint-1 (43),122
Checkpoint-1 (43),121
Checkpoint-1 (43),119
Checkpoint-1 (43),119
Checkpoint-1 (43),118
Checkpoint-1 (43),118
Checkpoint-1 (43),118
Checkpoint-1 (43),118
Checkpoint-1 (43),118
Checkpoint-1 (44),116
Checkpoint-1 (44),116
Checkpoint-1 (44),113
Checkpoint-1 (44),113
Checkpoint-1 (44),113
Checkpoint-1 (44),112
Checkpoint-1 (44),112
Checkpoint-1 (44),112
Checkpoint-1 (44),112
Checkpoint-1 (45),111
Checkpoint-1 (45),110
Checkpoint-1 (45),108
Checkpoint-1 (45),108
Checkpoint-1 (45),107
Checkpoint-1 (45),107
Checkpoint-1 (45),107
Checkpoint-1 (45),107
Checkpoint-1 (45),107
Checkpoint-1 (46),105
Checkpoint-1 (46),105
Checkpoint-1 (46),102
Checkpoint-1 (46),102
Checkpoint-1 (46),101
Checkpoint-1 (46),100
Checkpoint-1 (46),100
Checkpoint-1 (46),100
Checkpoint-1 (46),100
Checkpoint-1 (47),94
Checkpoint-1 (47),92
Checkpoint-1 (47),88
Checkpoint-1 (47),88
Checkpoint-1 (47),87
Checkpoint-1 (47),87
Checkpoint-1 (47),86
Checkpoint-1 (47),86
Checkpoint-1 (47),86
Checkpoint-1 (47),86
Checkpoint-1 (48),85
Checkpoint-1 (48),83
Checkpoint-1 (48),80
Checkpoint-1 (48),79
Checkpoint-1 (48),78
Checkpoint-1 (48),77
Checkpoint-1 (48),77
Checkpoint-1 (48),77
Checkpoint-1 (48),77
Checkpoint-1 (48),77
Checkpoint-1 (49),74
Checkpoint-1 (49),70
Checkpoint-1 (49),69
Checkpoint-1 (49),68
Checkpoint-1 (49),67
Checkpoint-1 (49),67
Checkpoint-1 (49),66
Checkpoint-1 (49),66
Checkpoint-1 (49),66
Checkpoint-1 (49),66
Checkpoint-1 (49),66
Checkpoint-1 (50),62
Checkpoint-1 (50),60
Checkpoint-1 (50),57
Checkpoint-1 (50),57
Checkpoint-1 (50),55
Checkpoint-1 (50),55
Checkpoint-1 (50),55
Checkpoint-1 (50),55
Checkpoint-1 (50),55
Checkpoint-1 (51),48
Checkpoint-1 (51),49
Checkpoint-1 (51),54
Checkpoint-1 (51),54
Checkpoint-1 (51),55
Checkpoint-1 (51),56
Checkpoint-1 (51),56
Checkpoint-1 (51),56
Checkpoint-1 (51),56
Checkpoint-1 (51),57
Checkpoint-1 (51),57
Checkpoint-1 (51),57
Checkpoint-1 (52),59
Checkpoint-1 (52),60
Checkpoint-1 (52),63
Checkpoint-1 (52),63
Checkpoint-1 (52),64
Checkpoint-1 (52),65
Checkpoint-1 (52),65
Checkpoint-1 (52),65
Checkpoint-1 (52),65
Checkpoint-1 (53),68
Checkpoint-1 (53),68
Checkpoint-1 (53),71
Checkpoint-1 (53),71
Checkpoint-1 (53),72
Checkpoint-1 (53),73
Checkpoint-1 (53),73
Checkpoint-1 (53),73
Checkpoint-1 (53),73
