Checkpoint-1,0
Checkpoint-1,0
Checkpoint-1,0
Checkpoint-1,0
Checkpoint-1,0
Checkpoint-1,4
Checkpoint-1,24
Checkpoint-1,25
Checkpoint-1 (1),26
Checkpoint-1,28
Checkpoint-1,29
Checkpoint-1,29
Checkpoint-1,29
Checkpoint-1,29
Checkpoint-1 (1),33
Checkpoint-1 (1),42
Checkpoint-1 (1),42
Checkpoint-1 (2),43
Checkpoint-1 (1),44
Checkpoint-1 (1),45
Checkpoint-1 (1),45
Checkpoint-1 (1),45
Checkpoint-1 (1),45
Checkpoint-1 (2),47
Checkpoint-1 (2),54
Checkpoint-1 (2),54
Checkpoint-1 (3),55
Checkpoint-1 (2),55
Checkpoint-1 (2),56
Checkpoint-1 (2),56
Checkpoint-1 (2),56
Checkpoint-1 (2),56
Checkpoint-1 (3),58
Checkpoint-1 (3),64
Checkpoint-1 (3),64
Checkpoint-1 (4),64
Checkpoint-1 (3),65
Checkpoint-1 (3),65
Checkpoint-1 (3),65
Checkpoint-1 (3),65
Checkpoint-1 (3),66
Checkpoint-1 (4),67
Checkpoint-1 (4),72
Checkpoint-1 (4),72
Checkpoint-1 (5),73
Checkpoint-1 (4),73
Checkpoint-1 (4),74
Checkpoint-1 (4),74
Checkpoint-1 (4),74
Checkpoint-1 (4),74
Checkpoint-1 (5),75
Checkpoint-1 (5),79
Checkpoint-1 (5),79
Checkpoint-1 (6),80
Checkpoint-1 (5),81
Checkpoint-1 (5),81
Checkpoint-1 (5),81
Checkpoint-1 (5),81
Checkpoint-1 (5),81
Checkpoint-1 (6),82
Checkpoint-1 (6),86
Checkpoint-1 (6),86
Checkpoint-1 (7),87
Checkpoint-1 (6),87
Checkpoint-1 (6),88
Checkpoint-1 (6),88
Checkpoint-1 (6),88
Checkpoint-1 (6),88
Checkpoint-1 (7),89
Checkpoint-1 (7),92
Checkpoint-1 (7),93
Checkpoint-1 (8),93
Checkpoint-1 (7),93
Checkpoint-1 (7),94
Checkpoint-1 (7),94
Checkpoint-1 (7),94
Checkpoint-1 (7),94
Checkpoint-1 (8),95
Checkpoint-1 (8),98
Checkpoint-1 (8),99
Checkpoint-1 (9),99
Checkpoint-1 (8),99
Checkpoint-1 (8),100
Checkpoint-1 (8),100
Checkpoint-1 (8),100
Checkpoint-1 (8),100
Checkpoint-1 (9),101
Checkpoint-1 (9),104
Checkpoint-1 (9),104
Checkpoint-1 (10),104
Checkpoint-1 (9),105
Checkpoint-1 (9),105
Checkpoint-1 (9),105
Checkpoint-1 (9),105
Checkpoint-1 (9),105
Checkpoint-1 (10),106
Checkpoint-1 (10),109
Checkpoint-1 (10),109
Checkpoint-1 (11),110
Checkpoint-1 (10),110
Checkpoint-1 (10),110
Checkpoint-1 (10),110
Checkpoint-1 (10),110
Checkpoint-1 (10),110
Checkpoint-1 (11),111
Checkpoint-1 (11),114
Checkpoint-1 (11),114
Checkpoint-1 (12),115
Checkpoint-1 (11),115
Checkpoint-1 (11),115
Checkpoint-1 (11),115
Checkpoint-1 (11),115
Checkpoint-1 (11),115
Checkpoint-1 (12),116
Checkpoint-1 (12),119
Checkpoint-1 (12),119
Checkpoint-1 (13),119
Checkpoint-1 (12),120
Checkpoint-1 (12),120
Checkpoint-1 (12),120
Checkpoint-1 (12),120
Checkpoint-1 (12),120
Checkpoint-1 (13),121
Checkpoint-1 (13),124
Checkpoint-1 (13),124
Checkpoint-1 (14),124
Checkpoint-1 (13),124
Checkpoint-1 (13),125
Checkpoint-1 (13),125
Checkpoint-1 (13),125
Checkpoint-1 (13),125
Checkpoint-1 (14),126
Checkpoint-1 (14),128
Checkpoint-1 (14),128
Checkpoint-1 (15),129
Checkpoint-1 (14),129
Checkpoint-1 (14),129
Checkpoint-1 (14),129
Checkpoint-1 (14),129
Checkpoint-1 (14),129
Checkpoint-1 (15),130
Checkpoint-1 (15),132
Checkpoint-1 (15),132
Checkpoint-1 (16),133
Checkpoint-1 (15),133
Checkpoint-1 (15),133
Checkpoint-1 (15),133
Checkpoint-1 (15),133
Checkpoint-1 (15),133
Checkpoint-1 (15),133
Checkpoint-1 (15),133
Checkpoint-1 (15),133
Checkpoint-1 (15),133
Checkpoint-1 (16),134
Checkpoint-1 (16),133
Checkpoint-1 (16),133
Checkpoint-1 (17),133
Checkpoint-1 (16),133
Checkpoint-1 (16),132
Checkpoint-1 (16),132
Checkpoint-1 (16),132
Checkpoint-1 (16),132
Checkpoint-1 (17),131
Checkpoint-1 (17),129
Checkpoint-1 (17),128
Checkpoint-1 (18),128
Checkpoint-1 (17),128
Checkpoint-1 (17),127
Checkpoint-1 (17),127
Checkpoint-1 (17),127
Checkpoint-1 (17),127
Checkpoint-1 (18),126
Checkpoint-1 (18),123
Checkpoint-1 (18),123
Checkpoint-1 (18),123
Checkpoint-1 (18),122
Checkpoint-1 (18),122
Checkpoint-1 (18),122
Checkpoint-1 (18),122
Checkpoint-1 (19),121
Checkpoint-1 (19),114
Checkpoint-1 (19),114
Checkpoint-1 (19),113
Checkpoint-1 (19),112
Checkpoint-1 (19),111
Checkpoint-1 (19),111
Checkpoint-1 (19),110
Checkpoint-1 (19),110
Checkpoint-1 (19),110
Checkpoint-1 (19),110
Checkpoint-1 (19),110
Checkpoint-1 (20),15
Checkpoint-1 (20),26
Checkpoint-1 (20),29
Checkpoint-1 (20),29
Checkpoint-1 (20),30
Checkpoint-1 (20),30
Checkpoint-1 (20),30
Checkpoint-1 (20),31
Checkpoint-1 (20),31
Checkpoint-1 (20),31
Checkpoint-1 (20),31
Checkpoint-1 (21),35
Checkpoint-1 (21),39
Checkpoint-1 (21),41
Checkpoint-1 (21),42
Checkpoint-1 (21),44
Checkpoint-1 (21),44
Checkpoint-1 (21),44
Checkpoint-1 (21),44
Checkpoint-1 (21),44
Checkpoint-1 (21),45
Checkpoint-1 (21),45
Checkpoint-1 (21),45
Checkpoint-1 (22),52
Checkpoint-1 (22),52
Checkpoint-1 (22),57
Checkpoint-1 (22),57
Checkpoint-1 (22),58
Checkpoint-1 (22),59
Checkpoint-1 (22),59
Checkpoint-1 (22),59
Checkpoint-1 (22),59
Checkpoint-1 (23),62
Checkpoint-1 (23),64
Checkpoint-1 (23),68
Checkpoint-1 (23),68
Checkpoint-1 (23),69
Checkpoint-1 (23),69
Checkpoint-1 (23),70
Checkpoint-1 (23),70
Checkpoint-1 (23),70
Checkpoint-1 (24),72
Checkpoint-1 (24),74
Checkpoint-1 (24),76
Checkpoint-1 (24),76
Checkpoint-1 (24),77
Checkpoint-1 (24),77
Checkpoint-1 (24),77
Checkpoint-1 (24),77
Checkpoint-1 (24),77
Checkpoint-1 (24),78
Checkpoint-1 (24),78
Checkpoint-1 (24),78
Checkpoint-1 (25),78
Checkpoint-1 (25),79
Checkpoint-1 (25),78
Checkpoint-1 (25),77
Checkpoint-1 (25),77
Checkpoint-1 (25),77
Checkpoint-1 (25),77
Checkpoint-1 (25),77
Checkpoint-1 (26),74
Checkpoint-1 (26),73
Checkpoint-1 (26),74
Checkpoint-1 (26),74
Checkpoint-1 (26),74
Checkpoint-1 (26),74
Checkpoint-1 (26),74
Checkpoint-1 (26),74
Checkpoint-1 (27),76
Checkpoint-1 (27),76
Checkpoint-1 (27),78
Checkpoint-1 (27),79
Checkpoint-1 (28),79
Checkpoint-1 (27),80
Checkpoint-1 (27),80
Checkpoint-1 (27),80
Checkpoint-1 (27),80
Checkpoint-1 (27),80
Checkpoint-1 (27),80
Checkpoint-1 (27),80
Checkpoint-1 (27),80
Checkpoint-1 (28),81
Checkpoint-1 (28),83
Checkpoint-1 (28),83
Checkpoint-1 (28),84
Checkpoint-1 (28),84
Checkpoint-1 (28),84
Checkpoint-1 (28),85
Checkpoint-1 (28),85
Checkpoint-1 (29),87
Checkpoint-1 (29),87
Checkpoint-1 (29),89
Checkpoint-1 (29),89
Checkpoint-1 (29),90
Checkpoint-1 (29),91
Checkpoint-1 (29),91
Checkpoint-1 (29),91
Checkpoint-1 (29),91
Checkpoint-1 (30),92
Checkpoint-1 (30),93
Checkpoint-1 (30),96
Checkpoint-1 (30),96
Checkpoint-1 (30),96
Checkpoint-1 (30),97
Checkpoint-1 (30),97
Checkpoint-1 (30),97
Checkpoint-1 (30),97
Checkpoint-1 (31),99
Checkpoint-1 (31),99
Checkpoint-1 (31),101
Checkpoint-1 (31),101
Checkpoint-1 (31),102
Checkpoint-1 (31),102
Checkpoint-1 (31),102
Checkpoint-1 (31),102
Checkpoint-1 (31),102
Checkpoint-1 (32),104
Checkpoint-1 (32),104
Checkpoint-1 (32),107
Checkpoint-1 (32),107
Checkpoint-1 (32),107
Checkpoint-1 (32),108
Checkpoint-1 (32),108
Checkpoint-1 (32),108
Checkpoint-1 (32),108
Checkpoint-1 (32),108
Checkpoint-1 (32),108
Checkpoint-1 (32),108
Checkpoint-1 (32),108
Checkpoint-1 (33),108
Checkpoint-1 (33),109
Checkpoint-1 (33),112
Checkpoint-1 (33),112
Checkpoint-1 (33),112
Checkpoint-1 (33),113
Checkpoint-1 (33),113
Checkpoint-1 (33),113
Checkpoint-1 (33),113
Checkpoint-1 (34),113
Checkpoint-1 (34),114
Checkpoint-1 (34),117
Checkpoint-1 (34),117
Checkpoint-1 (34),117
Checkpoint-1 (35),117
Checkpoint-1 (34),118
Checkpoint-1 (34),118
Checkpoint-1 (34),118
Checkpoint-1 (34),118
Checkpoint-1 (35),119
Checkpoint-1 (35),121
Checkpoint-1 (35),121
Checkpoint-1 (36),122
Checkpoint-1 (35),122
Checkpoint-1 (35),122
Checkpoint-1 (35),122
Checkpoint-1 (35),122
Checkpoint-1 (35),122
Checkpoint-1 (36),124
Checkpoint-1 (36),126
Checkpoint-1 (36),126
Checkpoint-1 (37),126
Checkpoint-1 (36),127
Checkpoint-1 (36),127
Checkpoint-1 (36),127
Checkpoint-1 (36),127
Checkpoint-1 (36),127
Checkpoint-1 (36),127
Checkpoint-1 (36),127
Checkpoint-1 (36),127
Checkpoint-1 (36),127
Checkpoint-1 (37),128
Checkpoint-1 (37),130
Checkpoint-1 (37),130
Checkpoint-1 (38),131
Checkpoint-1 (37),131
Checkpoint-1 (37),131
Checkpoint-1 (37),131
Checkpoint-1 (37),131
Checkpoint-1 (37),131
Checkpoint-1 (38),132
Checkpoint-1 (38),134
Checkpoint-1 (38),134
Checkpoint-1 (39),135
Checkpoint-1 (38),135
Checkpoint-1 (38),135
Checkpoint-1 (38),135
Checkpoint-1 (38),135
Checkpoint-1 (38),135
Checkpoint-1 (39),136
Checkpoint-1 (39),138
Checkpoint-1 (39),138
Checkpoint-1 (39),139
Checkpoint-1 (40),139
Checkpoint-1 (39),139
Checkpoint-1 (39),139
Checkpoint-1 (39),139
Checkpoint-1 (39),139
Checkpoint-1 (40),140
Checkpoint-1 (40),142
Checkpoint-1 (40),142
Checkpoint-1 (41),143
Checkpoint-1 (40),143
Checkpoint-1 (40),143
Checkpoint-1 (40),143
Checkpoint-1 (40),143
Checkpoint-1 (40),143
Checkpoint-1 (40),143
Checkpoint-1 (41),144
Checkpoint-1 (41),146
Checkpoint-1 (41),146
Checkpoint-1 (42),147
Checkpoint-1 (41),147
Checkpoint-1 (41),147
Checkpoint-1 (41),147
Checkpoint-1 (41),147
Checkpoint-1 (41),147
Checkpoint-1 (42),148
Checkpoint-1 (42),150
Checkpoint-1 (42),150
Checkpoint-1 (43),150
Checkpoint-1 (42),150
Checkpoint-1 (42),151
Checkpoint-1 (42),151
Checkpoint-1 (42),151
Checkpoint-1 (42),151
Checkpoint-1 (43),152
Checkpoint-1 (43),154
Checkpoint-1 (43),154
Checkpoint-1 (44),154
Checkpoint-1 (43),154
Checkpoint-1 (43),154
Checkpoint-1 (43),154
Checkpoint-1 (43),154
Checkpoint-1 (44),154
Checkpoint-1 (44),153
Checkpoint-1 (44),152
Checkpoint-1 (44),152
Checkpoint-1 (45),152
Checkpoint-1 (44),152
Checkpoint-1 (44),152
Checkpoint-1 (44),152
Checkpoint-1 (44),152
Checkpoint-1 (44),152
Checkpoint-1 (44),152
Checkpoint-1 (44),152
Checkpoint-1 (44),152
Checkpoint-1 (45),150
Checkpoint-1 (45),148
Checkpoint-1 (45),148
Checkpoint-1 (45),148
Checkpoint-1 (45),147
Checkpoint-1 (45),147
Checkpoint-1 (45),147
Checkpoint-1 (45),147
Checkpoint-1 (46),147
Checkpoint-1 (46),146
Checkpoint-1 (46),143
Checkpoint-1 (46),143
Checkpoint-1 (46),142
Checkpoint-1 (46),142
Checkpoint-1 (46),142
Checkpoint-1 (46),141
Checkpoint-1 (46),141
Checkpoint-1 (46),141
Checkpoint-1 (46),141
Checkpoint-1 (46),141
Checkpoint-1 (47),131
Checkpoint-1 (48),126
Checkpoint-1 (47),125
Checkpoint-1 (47),123
Checkpoint-1 (47),123
Checkpoint-1 (47),122
Checkpoint-1 (47),122
Checkpoint-1 (47),122
Checkpoint-1 (47),122
Checkpoint-1 (48),118
Checkpoint-1 (48),112
Checkpoint-1 (48),110
Checkpoint-1 (48),108
Checkpoint-1 (48),107
Checkpoint-1 (48),107
Checkpoint-1 (48),107
Checkpoint-1 (48),107
Checkpoint-1 (49),106
Checkpoint-1 (49),72
Checkpoint-1 (49),59
Checkpoint-1 (49),56
Checkpoint-1 (49),54
Checkpoint-1 (49),54
Checkpoint-1 (49),53
Checkpoint-1 (49),53
Checkpoint-1 (49),53
Checkpoint-1 (49),53
Checkpoint-1 (49),52
Checkpoint-1 (49),52
Checkpoint-1 (49),52
Checkpoint-1 (50),44
Checkpoint-1 (50),42
Checkpoint-1 (50),33
Checkpoint-1 (50),33
Checkpoint-1 (50),31
Checkpoint-1 (50),30
Checkpoint-1 (50),29
Checkpoint-1 (50),29
Checkpoint-1 (50),29
Checkpoint-1 (51),22
Checkpoint-1 (51),25
Checkpoint-1 (51),32
Checkpoint-1 (51),32
Checkpoint-1 (51),35
Checkpoint-1 (51),36
Checkpoint-1 (51),36
Checkpoint-1 (51),36
Checkpoint-1 (51),36
Checkpoint-1 (52),41
Checkpoint-1 (52),46
Checkpoint-1 (52),48
Checkpoint-1 (52),48
Checkpoint-1 (52),49
Checkpoint-1 (52),49
Checkpoint-1 (52),49
Checkpoint-1 (52),49
Checkpoint-1 (53),49
Checkpoint-1 (53),54
Checkpoint-1 (53),55
Checkpoint-1 (53),58
Checkpoint-1 (53),59
Checkpoint-1 (53),60
Checkpoint-1 (53),61
Checkpoint-1 (53),61
Checkpoint-1 (53),61
Checkpoint-1 (53),61
Checkpoint-1,62
Checkpoint-1,63
Checkpoint-1,67
Checkpoint-1,67
Checkpoint-1,69
Checkpoint-1,69
Checkpoint-1,69
Checkpoint-1,69
Checkpoint-1,69
Checkpoint-1,69
Checkpoint-1 (1),71
Checkpoint-1 (1),71
Checkpoint-1 (1),75
Checkpoint-1 (1),75
Checkpoint-1 (1),76
Checkpoint-1 (1),77
Checkpoint-1 (1),77
Checkpoint-1 (1),77
Checkpoint-1 (1),77
Checkpoint-1 (2),77
Checkpoint-1 (2),79
Checkpoint-1 (2),83
Checkpoint-1 (2),83
Checkpoint-1 (2),83
Checkpoint-1 (2),84
Checkpoint-1 (2),84
Checkpoint-1 (2),84
Checkpoint-1 (2),84
Checkpoint-1 (3),85
Checkpoint-1 (3),86
Checkpoint-1 (3),89
Checkpoint-1 (3),89
Checkpoint-1 (3),90
Checkpoint-1 (3),90
Checkpoint-1 (3),90
Checkpoint-1 (3),90
Checkpoint-1 (3),90
Checkpoint-1 (4),92
Checkpoint-1 (4),92
Checkpoint-1 (4),95
Checkpoint-1 (4),95
Checkpoint-1 (4),96
Checkpoint-1 (4),96
Checkpoint-1 (4),96
Checkpoint-1 (4),96
Checkpoint-1 (4),96
Checkpoint-1 (5),97
Checkpoint-1 (5),98
Checkpoint-1 (5),101
Checkpoint-1 (5),101
Checkpoint-1 (5),102
Checkpoint-1 (5),102
Checkpoint-1 (5),102
Checkpoint-1 (5),102
Checkpoint-1 (5),102
Checkpoint-1 (6),103
Checkpoint-1 (6),103
Checkpoint-1 (6),106
Checkpoint-1 (6),106
Checkpoint-1 (6),107
Checkpoint-1 (6),107
Checkpoint-1 (6),107
Checkpoint-1 (6),107
Checkpoint-1 (6),107
Checkpoint-1 (7),108
Checkpoint-1 (7),109
Checkpoint-1 (7),111
Checkpoint-1 (7),111
Checkpoint-1 (7),112
Checkpoint-1 (7),112
Checkpoint-1 (7),112
Checkpoint-1 (7),112
Checkpoint-1 (7),112
Checkpoint-1 (8),114
Checkpoint-1 (8),114
Checkpoint-1 (8),116
Checkpoint-1 (8),116
Checkpoint-1 (8),117
Checkpoint-1 (8),117
Checkpoint-1 (8),117
Checkpoint-1 (8),117
Checkpoint-1 (8),117
Checkpoint-1 (8),117
Checkpoint-1 (8),117
Checkpoint-1 (9),118
Checkpoint-1 (9),118
Checkpoint-1 (9),121
Checkpoint-1 (9),121
Checkpoint-1 (9),122
Checkpoint-1 (9),122
Checkpoint-1 (9),122
Checkpoint-1 (9),122
Checkpoint-1 (10),123
Checkpoint-1 (10),123
Checkpoint-1 (10),125
Checkpoint-1 (10),125
Checkpoint-1 (10),126
Checkpoint-1 (10),126
Checkpoint-1 (10),126
Checkpoint-1 (10),126
Checkpoint-1 (10),126
Checkpoint-1 (11),127
Checkpoint-1 (11),127
Checkpoint-1 (11),130
Checkpoint-1 (11),130
Checkpoint-1 (11),130
Checkpoint-1 (11),131
Checkpoint-1 (11),131
Checkpoint-1 (11),131
Checkpoint-1 (11),131
Checkpoint-1 (12),132
Checkpoint-1 (12),132
Checkpoint-1 (12),134
Checkpoint-1 (12),134
Checkpoint-1 (12),135
Checkpoint-1 (12),135
Checkpoint-1 (12),135
Checkpoint-1 (12),135
Checkpoint-1 (12),135
Checkpoint-1 (13),136
Checkpoint-1 (13),136
Checkpoint-1 (13),138
Checkpoint-1 (13),138
Checkpoint-1 (13),138
Checkpoint-1 (13),139
Checkpoint-1 (13),139
Checkpoint-1 (13),139
Checkpoint-1 (13),139
Checkpoint-1 (14),140
Checkpoint-1 (14),140
Checkpoint-1 (14),142
Checkpoint-1 (14),142
Checkpoint-1 (14),142
Checkpoint-1 (14),143
Checkpoint-1 (14),143
Checkpoint-1 (14),143
Checkpoint-1 (14),143
Checkpoint-1 (15),143
Checkpoint-1 (15),144
Checkpoint-1 (15),146
Checkpoint-1 (15),146
Checkpoint-1 (16),146
Checkpoint-1 (15),146
Checkpoint-1 (15),146
Checkpoint-1 (15),146
Checkpoint-1 (15),146
Checkpoint-1 (15),146
Checkpoint-1 (16),147
Checkpoint-1 (16),149
Checkpoint-1 (16),149
Checkpoint-1 (17),150
Checkpoint-1 (16),150
Checkpoint-1 (16),150
Checkpoint-1 (16),150
Checkpoint-1 (16),150
Checkpoint-1 (16),150
Checkpoint-1 (16),150
Checkpoint-1 (16),150
Checkpoint-1 (16),150
Checkpoint-1 (17),153
Checkpoint-1 (17),151
Checkpoint-1 (17),148
Checkpoint-1 (17),147
Checkpoint-1 (18),148
Checkpoint-1 (17),148
Checkpoint-1 (17),148
Checkpoint-1 (17),148
Checkpoint-1 (17),148
Checkpoint-1 (18),149
Checkpoint-1 (18),148
Checkpoint-1 (18),148
Checkpoint-1 (18),148
Checkpoint-1 (18),148
Checkpoint-1 (18),148
Checkpoint-1 (18),147
Checkpoint-1 (18),147
Checkpoint-1 (19),146
Checkpoint-1 (19),146
Checkpoint-1 (19),146
Checkpoint-1 (19),143
Checkpoint-1 (19),142
Checkpoint-1 (19),141
Checkpoint-1 (19),141
Checkpoint-1 (19),141
Checkpoint-1 (19),141
Checkpoint-1 (19),140
Checkpoint-1 (20),130
Checkpoint-1 (20),124
Checkpoint-1 (20),122
Checkpoint-1 (20),122
Checkpoint-1 (20),120
Checkpoint-1 (20),119
Checkpoint-1 (20),119
Checkpoint-1 (20),119
Checkpoint-1 (20),118
Checkpoint-1 (21),118
Checkpoint-1 (21),14
Checkpoint-1 (20),28
Checkpoint-1 (20),29
Checkpoint-1 (20),31
Checkpoint-1 (20),31
Checkpoint-1 (20),31
Checkpoint-1 (20),31
Checkpoint-1 (20),31
Checkpoint-1 (20),31
Checkpoint-1 (20),31
Checkpoint-1 (20),31
Checkpoint-1 (20),33
Checkpoint-1 (20),34
Checkpoint-1 (20),35
Checkpoint-1 (19),34
Checkpoint-1 (19),3
Checkpoint-1 (19),4
Checkpoint-1 (20),13
Checkpoint-1 (20),20
Checkpoint-1 (20),22
Checkpoint-1 (20),22
Checkpoint-1 (20),24
Checkpoint-1 (20),25
Checkpoint-1 (20),25
Checkpoint-1 (20),26
Checkpoint-1 (20),26
Checkpoint-1 (20),27
Checkpoint-1 (20),27
Checkpoint-1 (20),27
Checkpoint-1 (21),30
Checkpoint-1 (21),35
Checkpoint-1 (21),39
Checkpoint-1 (21),39
Checkpoint-1 (21),41
Checkpoint-1 (21),42
Checkpoint-1 (21),42
Checkpoint-1 (21),42
Checkpoint-1 (21),42
Checkpoint-1 (21),43
Checkpoint-1 (21),43
Checkpoint-1 (21),43
Checkpoint-1 (22),46
Checkpoint-1 (22),48
Checkpoint-1 (22),55
Checkpoint-1 (22),55
Checkpoint-1 (22),57
Checkpoint-1 (22),57
Checkpoint-1 (22),57
Checkpoint-1 (22),57
Checkpoint-1 (22),57
Checkpoint-1 (23),59
Checkpoint-1 (23),66
Checkpoint-1 (23),66
Checkpoint-1 (23),66
Checkpoint-1 (23),68
Checkpoint-1 (23),68
Checkpoint-1 (23),68
Checkpoint-1 (23),68
Checkpoint-1 (23),68
Checkpoint-1 (24),69
Checkpoint-1 (24),73
Checkpoint-1 (24),72
Checkpoint-1 (24),70
Checkpoint-1 (24),70
Checkpoint-1 (24),70
Checkpoint-1 (24),70
Checkpoint-1 (24),70
Checkpoint-1 (24),70
Checkpoint-1 (24),70
Checkpoint-1 (24),70
Checkpoint-1 (25),70
Checkpoint-1 (25),73
Checkpoint-1 (25),73
Checkpoint-1 (25),72
Checkpoint-1 (25),72
Checkpoint-1 (26),70
Checkpoint-1 (26),69
Checkpoint-1 (26),68
Checkpoint-1 (26),67
Checkpoint-1 (26),67
Checkpoint-1 (26),67
Checkpoint-1 (26),67
Checkpoint-1 (26),67
Checkpoint-1 (27),64
Checkpoint-1 (27),65
Checkpoint-1 (27),64
Checkpoint-1 (27),64
Checkpoint-1 (27),65
Checkpoint-1 (27),65
Checkpoint-1 (27),65
Checkpoint-1 (27),65
Checkpoint-1 (27),65
Checkpoint-1 (28),67
Checkpoint-1 (28),67
Checkpoint-1 (28),71
Checkpoint-1 (28),71
Checkpoint-1 (29),72
Checkpoint-1 (28),72
Checkpoint-1 (28),73
Checkpoint-1 (28),73
Checkpoint-1 (28),73
Checkpoint-1 (28),73
Checkpoint-1 (29),78
Checkpoint-1 (29),78
Checkpoint-1 (29),78
Checkpoint-1 (29),79
Checkpoint-1 (29),80
Checkpoint-1 (29),80
Checkpoint-1 (29),80
Checkpoint-1 (29),80
Checkpoint-1 (30),81
Checkpoint-1 (30),85
Checkpoint-1 (30),83
Checkpoint-1 (30),83
Checkpoint-1 (31),84
Checkpoint-1 (30),84
Checkpoint-1 (30),84
Checkpoint-1 (30),84
Checkpoint-1 (30),84
Checkpoint-1 (30),79
Checkpoint-1 (31),83
Checkpoint-1 (31),84
Checkpoint-1 (31),84
Checkpoint-1 (31),85
Checkpoint-1 (31),85
Checkpoint-1 (31),85
Checkpoint-1 (31),85
Checkpoint-1 (31),86
Checkpoint-1 (32),86
Checkpoint-1 (32),90
Checkpoint-1 (32),90
Checkpoint-1 (32),91
Checkpoint-1 (32),91
Checkpoint-1 (32),92
Checkpoint-1 (32),92
Checkpoint-1 (32),92
Checkpoint-1 (32),92
Checkpoint-1 (33),93
Checkpoint-1 (33),94
Checkpoint-1 (33),96
Checkpoint-1 (33),97
Checkpoint-1 (33),97
Checkpoint-1 (33),98
Checkpoint-1 (33),98
Checkpoint-1 (33),98
Checkpoint-1 (33),98
Checkpoint-1 (34),99
Checkpoint-1 (34),100
Checkpoint-1 (34),102
Checkpoint-1 (34),102
Checkpoint-1 (34),103
Checkpoint-1 (34),103
Checkpoint-1 (34),103
Checkpoint-1 (34),103
Checkpoint-1 (34),103
Checkpoint-1 (34),103
Checkpoint-1 (35),104
Checkpoint-1 (35),105
Checkpoint-1 (35),107
Checkpoint-1 (35),108
Checkpoint-1 (35),108
Checkpoint-1 (35),109
Checkpoint-1 (35),109
Checkpoint-1 (35),109
Checkpoint-1 (35),109
Checkpoint-1 (36),109
Checkpoint-1 (36),111
Checkpoint-1 (36),112
Checkpoint-1 (36),113
Checkpoint-1 (36),113
Checkpoint-1 (36),114
Checkpoint-1 (36),114
Checkpoint-1 (36),114
Checkpoint-1 (36),114
Checkpoint-1 (37),114
Checkpoint-1 (37),115
Checkpoint-1 (37),117
Checkpoint-1 (37),117
Checkpoint-1 (37),118
Checkpoint-1 (37),118
Checkpoint-1 (37),118
Checkpoint-1 (37),118
Checkpoint-1 (37),118
Checkpoint-1 (38),119
Checkpoint-1 (38),120
Checkpoint-1 (38),122
Checkpoint-1 (38),122
Checkpoint-1 (38),123
Checkpoint-1 (38),123
Checkpoint-1 (38),123
Checkpoint-1 (38),123
Checkpoint-1 (38),123
Checkpoint-1 (39),123
Checkpoint-1 (39),125
Checkpoint-1 (39),126
Checkpoint-1 (39),127
Checkpoint-1 (39),127
Checkpoint-1 (39),127
Checkpoint-1 (39),127
Checkpoint-1 (39),127
Checkpoint-1 (39),127
Checkpoint-1 (40),128
Checkpoint-1 (40),130
Checkpoint-1 (40),131
Checkpoint-1 (40),131
Checkpoint-1 (40),131
Checkpoint-1 (40),132
Checkpoint-1 (40),132
Checkpoint-1 (40),132
Checkpoint-1 (40),132
Checkpoint-1 (41),132
Checkpoint-1 (41),134
Checkpoint-1 (41),135
Checkpoint-1 (41),135
Checkpoint-1 (41),136
Checkpoint-1 (42),136
Checkpoint-1 (41),136
Checkpoint-1 (41),136
Checkpoint-1 (41),136
Checkpoint-1 (41),136
Checkpoint-1 (42),139
Checkpoint-1 (42),139
Checkpoint-1 (42),139
Checkpoint-1 (42),140
Checkpoint-1 (42),140
Checkpoint-1 (42),140
Checkpoint-1 (42),140
Checkpoint-1 (42),140
Checkpoint-1 (43),140
Checkpoint-1 (43),143
Checkpoint-1 (43),143
Checkpoint-1 (43),143
Checkpoint-1 (43),143
Checkpoint-1 (44),144
Checkpoint-1 (43),144
Checkpoint-1 (43),144
Checkpoint-1 (43),144
Checkpoint-1 (43),144
Checkpoint-1 (44),146
Checkpoint-1 (44),147
Checkpoint-1 (44),147
Checkpoint-1 (45),147
Checkpoint-1 (44),146
Checkpoint-1 (44),146
Checkpoint-1 (44),146
Checkpoint-1 (45),138
Checkpoint-1 (45),138
Checkpoint-1 (45),137
Checkpoint-1 (46),137
Checkpoint-1 (45),136
Checkpoint-1 (45),136
Checkpoint-1 (45),136
Checkpoint-1 (45),136
Checkpoint-1 (46),135
Checkpoint-1 (46),135
Checkpoint-1 (46),135
Checkpoint-1 (46),135
Checkpoint-1 (46),135
Checkpoint-1 (46),135
Checkpoint-1 (46),134
Checkpoint-1 (46),134
Checkpoint-1 (47),126
Checkpoint-1 (47),120
Checkpoint-1 (47),117
Checkpoint-1 (47),116
Checkpoint-1 (47),114
Checkpoint-1 (47),113
Checkpoint-1 (47),113
Checkpoint-1 (47),113
Checkpoint-1 (47),113
Checkpoint-1 (48),112
Checkpoint-1 (48),12
Checkpoint-1 (48),10
Checkpoint-1 (48),17
Checkpoint-1 (47),29
Checkpoint-1 (47),30
Checkpoint-1 (47),30
Checkpoint-1 (47),30
Checkpoint-1 (47),31
Checkpoint-1 (47),31
Checkpoint-1 (47),31
Checkpoint-1 (47),31
Checkpoint-1 (47),7
Checkpoint-1 (47),12
Checkpoint-1 (48),17
Checkpoint-1 (48),22
Checkpoint-1 (48),30
Checkpoint-1 (48),30
Checkpoint-1 (48),33
Checkpoint-1 (49),34
Checkpoint-1 (48),34
Checkpoint-1 (48),34
Checkpoint-1 (48),34
Checkpoint-1 (48),34
Checkpoint-1 (48),35
Checkpoint-1 (48),35
Checkpoint-1 (49),40
Checkpoint-1 (49),47
Checkpoint-1 (49),47
Checkpoint-1 (49),49
Checkpoint-1 (49),49
Checkpoint-1 (49),49
Checkpoint-1 (49),49
Checkpoint-1 (49),49
Checkpoint-1 (50),54
Checkpoint-1 (50),54
Checkpoint-1 (50),60
Checkpoint-1 (50),60
Checkpoint-1 (50),61
Checkpoint-1 (50),62
Checkpoint-1 (50),62
Checkpoint-1 (50),62
Checkpoint-1 (50),62
Checkpoint-1 (51),65
Checkpoint-1 (51),66
Checkpoint-1 (51),70
Checkpoint-1 (51),70
Checkpoint-1 (51),71
Checkpoint-1 (51),71
Checkpoint-1 (51),71
Checkpoint-1 (51),71
Checkpoint-1 (51),71
Checkpoint-1 (51),71
Checkpoint-1 (52),72
Checkpoint-1 (52),76
Checkpoint-1 (53),74
Checkpoint-1 (53),76
Checkpoint-1 (53),77
Checkpoint-1 (53),77
Checkpoint-1 (53),77
Checkpoint-1 (53),77
Checkpoint-1 (53),77
Checkpoint-1 (53),77
Checkpoint-1,78
Checkpoint-1,80
Checkpoint-1,82
Checkpoint-1,82
Checkpoint-1,83
Checkpoint-1,83
Checkpoint-1,83
Checkpoint-1,83
Checkpoint-1,83
Checkpoint-1 (1),84
Checkpoint-1 (1),87
Checkpoint-1 (1),88
Checkpoint-1 (1),88
Checkpoint-1 (1),89
Checkpoint-1 (1),90
Checkpoint-1 (1),90
Checkpoint-1 (1),90
Checkpoint-1 (1),90
Checkpoint-1 (2),91
Checkpoint-1 (2),93
Checkpoint-1 (2),94
Checkpoint-1 (2),95
Checkpoint-1 (2),95
Checkpoint-1 (2),96
Checkpoint-1 (2),96
Checkpoint-1 (2),96
Checkpoint-1 (2),96
Checkpoint-1 (3),97
Checkpoint-1 (3),99
Checkpoint-1 (3),100
Checkpoint-1 (3),100
Checkpoint-1 (3),101
Checkpoint-1 (3),101
Checkpoint-1 (3),101
Checkpoint-1 (3),101
Checkpoint-1 (3),101
Checkpoint-1 (4),102
Checkpoint-1 (4),104
Checkpoint-1 (4),106
Checkpoint-1 (4),106
Checkpoint-1 (4),106
Checkpoint-1 (4),107
Checkpoint-1 (4),107
Checkpoint-1 (4),107
Checkpoint-1 (4),107
Checkpoint-1 (5),108
Checkpoint-1 (5),109
Checkpoint-1 (5),111
Checkpoint-1 (5),111
Checkpoint-1 (5),112
Checkpoint-1 (5),112
Checkpoint-1 (5),112
Checkpoint-1 (5),112
Checkpoint-1 (5),112
Checkpoint-1 (6),113
Checkpoint-1 (6),114
Checkpoint-1 (6),116
Checkpoint-1 (6),116
Checkpoint-1 (6),116
Checkpoint-1 (6),117
Checkpoint-1 (6),117
Checkpoint-1 (6),117
Checkpoint-1 (6),117
Checkpoint-1 (7),118
Checkpoint-1 (7),119
Checkpoint-1 (7),121
Checkpoint-1 (7),121
Checkpoint-1 (7),121
Checkpoint-1 (7),121
Checkpoint-1 (7),121
Checkpoint-1 (7),121
Checkpoint-1 (7),122
Checkpoint-1 (8),122
Checkpoint-1 (8),124
Checkpoint-1 (8),125
Checkpoint-1 (8),125
Checkpoint-1 (8),125
Checkpoint-1 (8),126
Checkpoint-1 (8),126
Checkpoint-1 (8),126
Checkpoint-1 (8),126
Checkpoint-1 (9),126
Checkpoint-1 (9),127
Checkpoint-1 (9),129
Checkpoint-1 (9),129
Checkpoint-1 (9),129
Checkpoint-1 (9),130
Checkpoint-1 (9),130
Checkpoint-1 (9),130
Checkpoint-1 (9),130
Checkpoint-1 (10),130
Checkpoint-1 (10),131
Checkpoint-1 (10),132
Checkpoint-1 (10),133
Checkpoint-1 (10),133
Checkpoint-1 (10),133
Checkpoint-1 (10),133
Checkpoint-1 (10),133
Checkpoint-1 (10),133
Checkpoint-1 (11),134
Checkpoint-1 (11),135
Checkpoint-1 (11),136
Checkpoint-1 (11),136
Checkpoint-1 (11),136
Checkpoint-1 (11),136
Checkpoint-1 (12),136
Checkpoint-1 (11),136
Checkpoint-1 (11),136
Checkpoint-1 (11),136
Checkpoint-1 (12),137
Checkpoint-1 (12),139
Checkpoint-1 (12),139
Checkpoint-1 (12),139
Checkpoint-1 (12),139
Checkpoint-1 (12),139
Checkpoint-1 (12),139
Checkpoint-1 (12),139
Checkpoint-1 (13),140
Checkpoint-1 (13),141
Checkpoint-1 (13),142
Checkpoint-1 (13),142
Checkpoint-1 (13),142
Checkpoint-1 (13),142
Checkpoint-1 (13),142
Checkpoint-1 (13),142
Checkpoint-1 (13),142
Checkpoint-1 (14),143
Checkpoint-1 (14),143
Checkpoint-1 (14),143
Checkpoint-1 (14),143
Checkpoint-1 (14),143
Checkpoint-1 (14),143
Checkpoint-1 (14),143
Checkpoint-1 (14),143
Checkpoint-1 (14),143
Checkpoint-1 (15),143
Checkpoint-1 (15),143
Checkpoint-1 (15),145
Checkpoint-1 (15),145
Checkpoint-1 (15),146
Checkpoint-1 (15),146
Checkpoint-1 (15),146
Checkpoint-1 (15),146
Checkpoint-1 (15),146
Checkpoint-1 (16),146
Checkpoint-1 (16),146
Checkpoint-1 (16),146
Checkpoint-1 (16),146
Checkpoint-1 (16),146
Checkpoint-1 (16),146
Checkpoint-1 (16),146
Checkpoint-1 (16),146
Checkpoint-1 (16),146
Checkpoint-1 (17),147
Checkpoint-1 (17),148
Checkpoint-1 (17),149
Checkpoint-1 (17),149
Checkpoint-1 (17),149
Checkpoint-1 (17),149
Checkpoint-1 (17),149
Checkpoint-1 (17),149
Checkpoint-1 (17),149
Checkpoint-1 (17),149
Checkpoint-1 (18),149
Checkpoint-1 (18),149
Checkpoint-1 (18),149
Checkpoint-1 (18),149
Checkpoint-1 (19),150
Checkpoint-1 (18),150
Checkpoint-1 (18),150
Checkpoint-1 (18),150
Checkpoint-1 (18),150
Checkpoint-1 (18),150
Checkpoint-1 (19),137
Checkpoint-1 (19),135
Checkpoint-1 (19),135
Checkpoint-1 (19),134
Checkpoint-1 (19),134
Checkpoint-1 (19),134
Checkpoint-1 (19),134
Checkpoint-1 (19),134
Checkpoint-1 (19),134
Checkpoint-1 (19),134
Checkpoint-1 (19),134
Checkpoint-1 (20),129
Checkpoint-1 (20),104
Checkpoint-1 (20),98
Checkpoint-1 (20),96
Checkpoint-1 (20),95
Checkpoint-1 (20),93
Checkpoint-1 (20),92
Checkpoint-1 (20),92
Checkpoint-1 (20),92
Checkpoint-1 (20),92
Checkpoint-1 (20),92
Checkpoint-1 (20),89
Checkpoint-1 (20),66
Checkpoint-1 (21),13
Checkpoint-1 (21),21
Checkpoint-1 (21),26
Checkpoint-1 (21),27
Checkpoint-1 (21),30
Checkpoint-1 (21),31
Checkpoint-1 (21),31
Checkpoint-1 (21),31
Checkpoint-1 (21),31
Checkpoint-1 (21),32
Checkpoint-1 (21),32
Checkpoint-1 (21),32
Checkpoint-1 (22),36
Checkpoint-1 (22),37
Checkpoint-1 (22),47
Checkpoint-1 (22),47
Checkpoint-1 (22),49
Checkpoint-1 (22),49
Checkpoint-1 (22),49
Checkpoint-1 (22),49
Checkpoint-1 (22),49
Checkpoint-1 (22),50
Checkpoint-1 (23),51
Checkpoint-1 (23),56
Checkpoint-1 (23),60
Checkpoint-1 (23),60
Checkpoint-1 (23),61
Checkpoint-1 (23),62
Checkpoint-1 (23),62
Checkpoint-1 (23),62
Checkpoint-1 (23),62
Checkpoint-1 (24),63
Checkpoint-1 (24),65
Checkpoint-1 (24),68
Checkpoint-1 (24),69
Checkpoint-1 (24),70
Checkpoint-1 (24),70
Checkpoint-1 (24),70
Checkpoint-1 (24),70
Checkpoint-1 (24),70
Checkpoint-1 (25),71
Checkpoint-1 (24),71
Checkpoint-1 (24),71
Checkpoint-1 (24),71
Checkpoint-1 (25),73
Checkpoint-1 (25),73
Checkpoint-1 (25),73
Checkpoint-1 (25),73
Checkpoint-1 (25),72
Checkpoint-1 (25),72
Checkpoint-1 (25),72
Checkpoint-1 (26),72
Checkpoint-1 (26),75
Checkpoint-1 (26),75
Checkpoint-1 (26),76
Checkpoint-1 (26),77
Checkpoint-1 (26),77
Checkpoint-1 (26),77
Checkpoint-1 (26),77
Checkpoint-1 (26),77
Checkpoint-1 (26),77
Checkpoint-1 (26),77
Checkpoint-1 (27),78
Checkpoint-1 (27),78
Checkpoint-1 (27),82
Checkpoint-1 (27),82
Checkpoint-1 (28),83
Checkpoint-1 (27),83
Checkpoint-1 (27),83
Checkpoint-1 (27),83
Checkpoint-1 (27),83
Checkpoint-1 (27),83
Checkpoint-1 (27),84
Checkpoint-1 (27),84
Checkpoint-1 (28),86
Checkpoint-1 (28),88
Checkpoint-1 (28),88
Checkpoint-1 (28),89
Checkpoint-1 (28),89
Checkpoint-1 (28),89
Checkpoint-1 (28),89
Checkpoint-1 (28),89
Checkpoint-1 (29),89
Checkpoint-1 (29),91
Checkpoint-1 (29),94
Checkpoint-1 (29),94
Checkpoint-1 (29),94
Checkpoint-1 (30),95
Checkpoint-1 (29),95
Checkpoint-1 (29),95
Checkpoint-1 (29),95
Checkpoint-1 (29),95
Checkpoint-1 (30),97
Checkpoint-1 (30),99
Checkpoint-1 (30),99
Checkpoint-1 (30),100
Checkpoint-1 (30),100
Checkpoint-1 (30),100
Checkpoint-1 (30),100
Checkpoint-1 (30),100
Checkpoint-1 (31),100
Checkpoint-1 (31),101
Checkpoint-1 (31),104
Checkpoint-1 (31),104
Checkpoint-1 (31),105
Checkpoint-1 (32),105
Checkpoint-1 (31),105
Checkpoint-1 (31),105
Checkpoint-1 (31),106
Checkpoint-1 (31),106
Checkpoint-1 (32),107
Checkpoint-1 (32),109
Checkpoint-1 (32),110
Checkpoint-1 (32),110
Checkpoint-1 (32),110
Checkpoint-1 (32),110
Checkpoint-1 (32),110
Checkpoint-1 (32),110
Checkpoint-1 (33),110
Checkpoint-1 (33),112
Checkpoint-1 (33),114
Checkpoint-1 (33),114
Checkpoint-1 (33),114
Checkpoint-1 (33),115
Checkpoint-1 (33),115
Checkpoint-1 (33),115
Checkpoint-1 (33),115
Checkpoint-1 (34),115
Checkpoint-1 (34),115
Checkpoint-1 (34),114
Checkpoint-1 (34),114
Checkpoint-1 (35),114
Checkpoint-1 (34),115
Checkpoint-1 (34),115
Checkpoint-1 (34),115
Checkpoint-1 (34),115
Checkpoint-1 (34),115
Checkpoint-1 (34),115
Checkpoint-1 (34),115
Checkpoint-1 (35),117
Checkpoint-1 (35),117
Checkpoint-1 (35),117
Checkpoint-1 (35),118
Checkpoint-1 (35),117
Checkpoint-1 (35),117
Checkpoint-1 (35),117
Checkpoint-1 (35),117
Checkpoint-1 (36),117
Checkpoint-1 (36),117
Checkpoint-1 (36),120
Checkpoint-1 (36),120
Checkpoint-1 (36),121
Checkpoint-1 (36),121
Checkpoint-1 (36),121
Checkpoint-1 (37),121
Checkpoint-1 (36),121
Checkpoint-1 (36),121
Checkpoint-1 (37),123
Checkpoint-1 (37),124
Checkpoint-1 (37),125
Checkpoint-1 (37),125
Checkpoint-1 (37),125
Checkpoint-1 (37),125
Checkpoint-1 (37),125
Checkpoint-1 (37),125
Checkpoint-1 (38),126
Checkpoint-1 (38),126
Checkpoint-1 (38),129
Checkpoint-1 (38),129
Checkpoint-1 (38),129
Checkpoint-1 (38),130
Checkpoint-1 (38),130
Checkpoint-1 (38),130
Checkpoint-1 (38),130
Checkpoint-1 (39),130
Checkpoint-1 (39),131
Checkpoint-1 (39),132
Checkpoint-1 (39),133
Checkpoint-1 (39),133
Checkpoint-1 (40),133
Checkpoint-1 (39),133
Checkpoint-1 (39),133
Checkpoint-1 (39),133
Checkpoint-1 (39),133
Checkpoint-1 (40),134
Checkpoint-1 (40),136
Checkpoint-1 (40),136
Checkpoint-1 (40),137
Checkpoint-1 (40),137
Checkpoint-1 (40),137
Checkpoint-1 (40),137
Checkpoint-1 (40),137
Checkpoint-1 (41),137
Checkpoint-1 (41),138
Checkpoint-1 (41),140
Checkpoint-1 (41),140
Checkpoint-1 (41),141
Checkpoint-1 (41),141
Checkpoint-1 (41),141
Checkpoint-1 (41),141
Checkpoint-1 (41),141
Checkpoint-1 (42),141
Checkpoint-1 (42),142
Checkpoint-1 (42),144
Checkpoint-1 (42),144
Checkpoint-1 (42),145
Checkpoint-1 (42),145
Checkpoint-1 (42),145
Checkpoint-1 (42),145
Checkpoint-1 (42),145
Checkpoint-1 (43),145
Checkpoint-1 (43),145
Checkpoint-1 (43),147
Checkpoint-1 (43),147
Checkpoint-1 (44),148
Checkpoint-1 (43),148
Checkpoint-1 (43),148
Checkpoint-1 (43),148
Checkpoint-1 (43),148
Checkpoint-1 (43),148
Checkpoint-1 (44),145
Checkpoint-1 (44),132
Checkpoint-1 (44),132
Checkpoint-1 (44),132
Checkpoint-1 (44),132
Checkpoint-1 (44),132
Checkpoint-1 (44),132
Checkpoint-1 (44),132
Checkpoint-1 (45),132
Checkpoint-1 (45),132
Checkpoint-1 (45),130
Checkpoint-1 (45),130
Checkpoint-1 (45),130
Checkpoint-1 (45),129
Checkpoint-1 (45),129
Checkpoint-1 (45),129
Checkpoint-1 (45),129
Checkpoint-1 (46),128
Checkpoint-1 (46),126
Checkpoint-1 (46),123
Checkpoint-1 (46),122
Checkpoint-1 (46),122
Checkpoint-1 (46),121
Checkpoint-1 (46),121
Checkpoint-1 (46),121
Checkpoint-1 (46),121
Checkpoint-1 (47),115
Checkpoint-1 (47),112
Checkpoint-1 (47),109
Checkpoint-1 (47),109
Checkpoint-1 (47),108
Checkpoint-1 (47),108
Checkpoint-1 (47),108
Checkpoint-1 (48),106
Checkpoint-1 (48),101
Checkpoint-1 (48),96
Checkpoint-1 (48),95
Checkpoint-1 (48),92
Checkpoint-1 (48),91
Checkpoint-1 (48),91
Checkpoint-1 (48),91
Checkpoint-1 (48),91
Checkpoint-1 (48),90
Checkpoint-1 (48),90
Checkpoint-1 (48),90
Checkpoint-1 (49),80
Checkpoint-1 (49),77
Checkpoint-1 (49),68
Checkpoint-1 (49),66
Checkpoint-1 (49),65
Checkpoint-1 (49),65
Checkpoint-1 (49),64
Checkpoint-1 (49),64
Checkpoint-1 (49),64
Checkpoint-1 (49),64
Checkpoint-1 (49),64
Checkpoint-1 (49),64
Checkpoint-1 (50),56
Checkpoint-1 (50),54
Checkpoint-1 (50),50
Checkpoint-1 (50),50
Checkpoint-1 (50),48
Checkpoint-1 (50),48
Checkpoint-1 (50),48
Checkpoint-1 (50),48
Checkpoint-1 (50),48
Checkpoint-1 (51),40
Checkpoint-1 (51),40
Checkpoint-1 (51),31
Checkpoint-1 (51),31
Checkpoint-1 (51),34
Checkpoint-1 (51),35
Checkpoint-1 (51),35
Checkpoint-1 (51),35
Checkpoint-1 (51),35
Checkpoint-1 (51),36
Checkpoint-1 (51),36
Checkpoint-1 (52),41
Checkpoint-1 (52),46
Checkpoint-1 (52),47
Checkpoint-1 (52),48
Checkpoint-1 (52),49
Checkpoint-1 (52),49
Checkpoint-1 (52),49
Checkpoint-1 (52),49
Checkpoint-1 (52),49
Checkpoint-1 (52),49
Checkpoint-1 (52),49
Checkpoint-1 (53),54
Checkpoint-1 (53),57
Checkpoint-1 (53),59
Checkpoint-1 (53),59
Checkpoint-1 (53),61
Checkpoint-1 (53),61
Checkpoint-1 (53),61
Checkpoint-1 (53),61
Checkpoint-1 (53),61
Checkpoint-1 (53),62
Checkpoint-1 (53),62
Checkpoint-1 (53),62
