Checkpoint-1,0
Checkpoint-1,0
Checkpoint-1,24
Checkpoint-1,24
Checkpoint-1 (1),24
Checkpoint-1 (1),24
Checkpoint-1,28
Checkpoint-1,29
Checkpoint-1,29
Checkpoint-1,29
Checkpoint-1,29
Checkpoint-1,30
Checkpoint-1 (1),41
Checkpoint-1 (1),41
Checkpoint-1 (2),41
Checkpoint-1 (2),42
Checkpoint-1 (1),44
Checkpoint-1 (1),45
Checkpoint-1 (1),45
Checkpoint-1 (1),45
Checkpoint-1 (1),45
Checkpoint-1 (2),53
Checkpoint-1 (2),53
Checkpoint-1 (3),54
Checkpoint-1 (3),54
Checkpoint-1 (2),55
Checkpoint-1 (2),56
Checkpoint-1 (2),56
Checkpoint-1 (2),56
Checkpoint-1 (2),56
Checkpoint-1 (3),63
Checkpoint-1 (3),63
Checkpoint-1 (4),63
Checkpoint-1 (4),63
Checkpoint-1 (3),65
Checkpoint-1 (3),65
Checkpoint-1 (3),65
Checkpoint-1 (3),65
Checkpoint-1 (3),65
Checkpoint-1 (5),71
Checkpoint-1 (4),71
Checkpoint-1 (4),71
Checkpoint-1 (5),72
Checkpoint-1 (4),73
Checkpoint-1 (4),73
Checkpoint-1 (4),73
Checkpoint-1 (4),73
Checkpoint-1 (4),73
Checkpoint-1 (6),79
Checkpoint-1 (5),79
Checkpoint-1 (5),79
Checkpoint-1 (6),79
Checkpoint-1 (5),80
Checkpoint-1 (5),81
Checkpoint-1 (5),81
Checkpoint-1 (5),81
Checkpoint-1 (5),81
Checkpoint-1 (6),86
Checkpoint-1 (6),86
Checkpoint-1 (7),86
Checkpoint-1 (7),86
Checkpoint-1 (6),87
Checkpoint-1 (6),87
Checkpoint-1 (6),87
Checkpoint-1 (6),87
Checkpoint-1 (6),87
Checkpoint-1 (8),92
Checkpoint-1 (7),92
Checkpoint-1 (7),92
Checkpoint-1 (8),92
Checkpoint-1 (7),91
Checkpoint-1 (7),90
Checkpoint-1 (7),90
Checkpoint-1 (7),90
Checkpoint-1 (7),90
Checkpoint-1 (9),85
Checkpoint-1 (8),85
Checkpoint-1 (8),85
Checkpoint-1 (9),85
Checkpoint-1 (8),84
Checkpoint-1 (8),83
Checkpoint-1 (8),83
Checkpoint-1 (8),83
Checkpoint-1 (8),83
Checkpoint-1 (9),78
Checkpoint-1 (9),78
Checkpoint-1 (10),78
Checkpoint-1 (10),78
Checkpoint-1 (9),76
Checkpoint-1 (9),76
Checkpoint-1 (9),76
Checkpoint-1 (9),76
Checkpoint-1 (9),76
Checkpoint-1 (9),75
Checkpoint-1 (9),75
Checkpoint-1 (9),75
Checkpoint-1 (9),75
Checkpoint-1 (11),69
Checkpoint-1 (10),69
Checkpoint-1 (10),69
Checkpoint-1 (11),69
Checkpoint-1 (10),68
Checkpoint-1 (10),67
Checkpoint-1 (10),67
Checkpoint-1 (10),67
Checkpoint-1 (10),67
Checkpoint-1 (10),67
Checkpoint-1 (10),67
Checkpoint-1 (10),67
Checkpoint-1 (10),67
Checkpoint-1 (10),67
Checkpoint-1 (11),60
Checkpoint-1 (11),60
Checkpoint-1 (12),60
Checkpoint-1 (12),60
Checkpoint-1 (11),58
Checkpoint-1 (11),58
Checkpoint-1 (11),58
Checkpoint-1 (11),58
Checkpoint-1 (11),58
Checkpoint-1 (11),57
Checkpoint-1 (12),55
Checkpoint-1 (12),55
Checkpoint-1 (13),55
Checkpoint-1 (13),55
Checkpoint-1 (12),57
Checkpoint-1 (12),57
Checkpoint-1 (12),57
Checkpoint-1 (12),57
Checkpoint-1 (12),57
Checkpoint-1 (13),64
Checkpoint-1 (13),64
Checkpoint-1 (14),64
Checkpoint-1 (14),64
Checkpoint-1 (13),66
Checkpoint-1 (13),66
Checkpoint-1 (13),66
Checkpoint-1 (13),66
Checkpoint-1 (13),66
Checkpoint-1 (14),73
Checkpoint-1 (14),73
Checkpoint-1 (15),73
Checkpoint-1 (15),73
Checkpoint-1 (14),74
Checkpoint-1 (14),74
Checkpoint-1 (14),74
Checkpoint-1 (14),74
Checkpoint-1 (14),75
Checkpoint-1 (16),80
Checkpoint-1 (15),80
Checkpoint-1 (15),80
Checkpoint-1 (16),80
Checkpoint-1 (15),81
Checkpoint-1 (15),82
Checkpoint-1 (15),82
Checkpoint-1 (15),82
Checkpoint-1 (15),82
Checkpoint-1 (17),87
Checkpoint-1 (16),87
Checkpoint-1 (16),87
Checkpoint-1 (17),87
Checkpoint-1 (16),88
Checkpoint-1 (16),88
Checkpoint-1 (16),88
Checkpoint-1 (16),88
Checkpoint-1 (16),88
Checkpoint-1 (18),86
Checkpoint-1 (17),86
Checkpoint-1 (17),86
Checkpoint-1 (18),86
Checkpoint-1 (17),85
Checkpoint-1 (17),84
Checkpoint-1 (17),84
Checkpoint-1 (17),84
Checkpoint-1 (17),84
Checkpoint-1 (19),79
Checkpoint-1 (19),79
Checkpoint-1 (18),79
Checkpoint-1 (18),79
Checkpoint-1 (18),77
Checkpoint-1 (18),77
Checkpoint-1 (18),77
Checkpoint-1 (18),77
Checkpoint-1 (18),77
Checkpoint-1 (18),76
Checkpoint-1 (18),76
Checkpoint-1 (18),76
Checkpoint-1 (19),71
Checkpoint-1 (19),70
Checkpoint-1 (20),69
Checkpoint-1 (19),69
Checkpoint-1 (19),68
Checkpoint-1 (19),68
Checkpoint-1 (19),68
Checkpoint-1 (19),68
Checkpoint-1 (20),67
Checkpoint-1 (19),67
Checkpoint-1 (20),59
Checkpoint-1 (20),58
Checkpoint-1 (20),56
Checkpoint-1 (20),55
Checkpoint-1 (20),55
Checkpoint-1 (20),55
Checkpoint-1 (20),55
Checkpoint-1 (21),55
Checkpoint-1 (21),52
Checkpoint-1 (21),45
Checkpoint-1 (21),45
Checkpoint-1 (21),42
Checkpoint-1 (21),41
Checkpoint-1 (21),41
Checkpoint-1 (21),41
Checkpoint-1 (21),41
Checkpoint-1 (22),40
Checkpoint-1 (22),40
Checkpoint-1 (22),21
Checkpoint-1 (22),21
Checkpoint-1 (22),24
Checkpoint-1 (23),25
Checkpoint-1 (23),25
Checkpoint-1 (22),25
Checkpoint-1 (22),25
Checkpoint-1 (22),26
Checkpoint-1 (22),26
Checkpoint-1 (22),27
Checkpoint-1 (23),42
Checkpoint-1 (23),42
Checkpoint-1 (24),43
Checkpoint-1 (24),44
Checkpoint-1 (23),44
Checkpoint-1 (23),45
Checkpoint-1 (23),45
Checkpoint-1 (23),45
Checkpoint-1 (23),45
Checkpoint-1 (25),54
Checkpoint-1 (24),55
Checkpoint-1 (24),55
Checkpoint-1 (25),55
Checkpoint-1 (24),57
Checkpoint-1 (24),57
Checkpoint-1 (24),57
Checkpoint-1 (24),57
Checkpoint-1 (24),57
Checkpoint-1 (24),58
Checkpoint-1 (24),58
Checkpoint-1 (24),58
Checkpoint-1 (25),62
Checkpoint-1 (25),62
Checkpoint-1 (25),64
Checkpoint-1 (26),64
Checkpoint-1 (25),64
Checkpoint-1 (25),64
Checkpoint-1 (25),64
Checkpoint-1 (25),64
Checkpoint-1 (26),65
Checkpoint-1 (26),69
Checkpoint-1 (26),69
Checkpoint-1 (27),69
Checkpoint-1 (27),69
Checkpoint-1 (26),70
Checkpoint-1 (26),71
Checkpoint-1 (26),71
Checkpoint-1 (26),71
Checkpoint-1 (26),71
Checkpoint-1 (27),76
Checkpoint-1 (27),76
Checkpoint-1 (28),76
Checkpoint-1 (28),76
Checkpoint-1 (27),78
Checkpoint-1 (27),78
Checkpoint-1 (27),78
Checkpoint-1 (27),78
Checkpoint-1 (27),78
Checkpoint-1 (28),83
Checkpoint-1 (28),83
Checkpoint-1 (29),83
Checkpoint-1 (29),83
Checkpoint-1 (28),84
Checkpoint-1 (28),85
Checkpoint-1 (28),85
Checkpoint-1 (28),85
Checkpoint-1 (28),85
Checkpoint-1 (29),90
Checkpoint-1 (29),90
Checkpoint-1 (30),90
Checkpoint-1 (30),90
Checkpoint-1 (29),91
Checkpoint-1 (29),91
Checkpoint-1 (29),91
Checkpoint-1 (29),91
Checkpoint-1 (29),91
Checkpoint-1 (30),96
Checkpoint-1 (30),96
Checkpoint-1 (31),96
Checkpoint-1 (31),96
Checkpoint-1 (30),97
Checkpoint-1 (30),97
Checkpoint-1 (30),97
Checkpoint-1 (30),97
Checkpoint-1 (30),97
Checkpoint-1 (31),101
Checkpoint-1 (31),101
Checkpoint-1 (32),101
Checkpoint-1 (32),101
Checkpoint-1 (31),102
Checkpoint-1 (31),103
Checkpoint-1 (31),103
Checkpoint-1 (31),103
Checkpoint-1 (31),103
Checkpoint-1 (32),107
Checkpoint-1 (32),107
Checkpoint-1 (33),107
Checkpoint-1 (33),107
Checkpoint-1 (32),108
Checkpoint-1 (32),108
Checkpoint-1 (32),108
Checkpoint-1 (32),108
Checkpoint-1 (32),108
Checkpoint-1 (33),112
Checkpoint-1 (34),112
Checkpoint-1 (34),112
Checkpoint-1 (33),112
Checkpoint-1 (33),113
Checkpoint-1 (33),113
Checkpoint-1 (33),113
Checkpoint-1 (33),113
Checkpoint-1 (33),113
Checkpoint-1 (34),117
Checkpoint-1 (35),117
Checkpoint-1 (35),117
Checkpoint-1 (34),117
Checkpoint-1 (34),118
Checkpoint-1 (34),118
Checkpoint-1 (34),118
Checkpoint-1 (34),118
Checkpoint-1 (34),118
Checkpoint-1 (34),118
Checkpoint-1 (34),118
Checkpoint-1 (34),118
Checkpoint-1 (34),118
Checkpoint-1 (35),121
Checkpoint-1 (35),121
Checkpoint-1 (36),121
Checkpoint-1 (36),121
Checkpoint-1 (35),122
Checkpoint-1 (35),122
Checkpoint-1 (35),122
Checkpoint-1 (35),122
Checkpoint-1 (35),122
Checkpoint-1 (36),126
Checkpoint-1 (36),126
Checkpoint-1 (37),126
Checkpoint-1 (37),126
Checkpoint-1 (36),127
Checkpoint-1 (36),127
Checkpoint-1 (36),127
Checkpoint-1 (36),127
Checkpoint-1 (36),127
Checkpoint-1 (37),130
Checkpoint-1 (37),130
Checkpoint-1 (38),130
Checkpoint-1 (38),130
Checkpoint-1 (37),131
Checkpoint-1 (37),131
Checkpoint-1 (37),131
Checkpoint-1 (37),131
Checkpoint-1 (37),131
Checkpoint-1 (38),133
Checkpoint-1 (38),133
Checkpoint-1 (39),133
Checkpoint-1 (39),133
Checkpoint-1 (38),132
Checkpoint-1 (38),132
Checkpoint-1 (38),132
Checkpoint-1 (38),132
Checkpoint-1 (38),132
Checkpoint-1 (39),128
Checkpoint-1 (39),128
Checkpoint-1 (40),128
Checkpoint-1 (40),128
Checkpoint-1 (39),127
Checkpoint-1 (39),127
Checkpoint-1 (39),127
Checkpoint-1 (39),127
Checkpoint-1 (39),127
Checkpoint-1 (40),123
Checkpoint-1 (40),123
Checkpoint-1 (41),123
Checkpoint-1 (41),123
Checkpoint-1 (40),122
Checkpoint-1 (40),122
Checkpoint-1 (40),122
Checkpoint-1 (40),122
Checkpoint-1 (40),122
Checkpoint-1 (41),118
Checkpoint-1 (41),118
Checkpoint-1 (42),118
Checkpoint-1 (42),118
Checkpoint-1 (41),117
Checkpoint-1 (41),117
Checkpoint-1 (41),117
Checkpoint-1 (41),117
Checkpoint-1 (41),117
Checkpoint-1 (42),113
Checkpoint-1 (42),113
Checkpoint-1 (43),113
Checkpoint-1 (43),113
Checkpoint-1 (42),112
Checkpoint-1 (42),112
Checkpoint-1 (42),112
Checkpoint-1 (42),112
Checkpoint-1 (42),112
Checkpoint-1 (43),107
Checkpoint-1 (43),107
Checkpoint-1 (44),107
Checkpoint-1 (44),107
Checkpoint-1 (43),106
Checkpoint-1 (43),106
Checkpoint-1 (43),106
Checkpoint-1 (43),106
Checkpoint-1 (43),106
Checkpoint-1 (44),102
Checkpoint-1 (44),102
Checkpoint-1 (45),102
Checkpoint-1 (45),102
Checkpoint-1 (44),100
Checkpoint-1 (44),100
Checkpoint-1 (44),100
Checkpoint-1 (44),100
Checkpoint-1 (44),100
Checkpoint-1 (45),95
Checkpoint-1 (45),95
Checkpoint-1 (46),95
Checkpoint-1 (46),95
Checkpoint-1 (45),94
Checkpoint-1 (45),94
Checkpoint-1 (45),94
Checkpoint-1 (45),94
Checkpoint-1 (45),94
Checkpoint-1 (46),89
Checkpoint-1 (46),89
Checkpoint-1 (46),87
Checkpoint-1 (46),87
Checkpoint-1 (46),87
Checkpoint-1 (46),87
Checkpoint-1 (46),87
Checkpoint-1 (46),87
Checkpoint-1 (46),87
Checkpoint-1 (46),87
Checkpoint-1 (47),86
Checkpoint-1 (47),85
Checkpoint-1 (48),76
Checkpoint-1 (48),74
Checkpoint-1 (47),71
Checkpoint-1 (47),71
Checkpoint-1 (47),71
Checkpoint-1 (48),65
Checkpoint-1 (48),65
Checkpoint-1 (49),64
Checkpoint-1 (48),63
Checkpoint-1 (49),63
Checkpoint-1 (48),62
Checkpoint-1 (48),62
Checkpoint-1 (48),62
Checkpoint-1 (48),62
Checkpoint-1 (48),62
Checkpoint-1 (48),62
Checkpoint-1 (49),53
Checkpoint-1 (49),53
Checkpoint-1 (50),51
Checkpoint-1 (49),51
Checkpoint-1 (50),50
Checkpoint-1 (49),50
Checkpoint-1 (49),50
Checkpoint-1 (49),50
Checkpoint-1 (49),50
Checkpoint-1 (49),50
Checkpoint-1 (49),50
Checkpoint-1 (49),50
Checkpoint-1 (50),37
Checkpoint-1 (50),37
Checkpoint-1 (50),34
Checkpoint-1 (50),33
Checkpoint-1 (50),33
Checkpoint-1 (50),33
Checkpoint-1 (50),33
Checkpoint-1 (50),32
Checkpoint-1 (51),32
Checkpoint-1 (51),32
Checkpoint-1 (51),39
Checkpoint-1 (51),40
Checkpoint-1 (52),42
Checkpoint-1 (51),43
Checkpoint-1 (51),43
Checkpoint-1 (51),43
Checkpoint-1 (51),43
Checkpoint-1 (51),43
Checkpoint-1 (52),44
Checkpoint-1 (51),44
Checkpoint-1 (51),44
Checkpoint-1 (51),44
Checkpoint-1 (52),53
Checkpoint-1 (52),53
Checkpoint-1 (52),54
Checkpoint-1 (52),55
Checkpoint-1 (52),55
Checkpoint-1 (52),55
Checkpoint-1 (52),55
Checkpoint-1 (53),56
Checkpoint-1 (53),57
Checkpoint-1,64
Checkpoint-1 (53),64
Checkpoint-1 (53),64
Checkpoint-1,64
Checkpoint-1 (53),66
Checkpoint-1 (53),66
Checkpoint-1 (53),66
Checkpoint-1 (53),66
Checkpoint-1 (53),66
Checkpoint-1,72
Checkpoint-1,72
Checkpoint-1 (1),72
Checkpoint-1 (1),72
Checkpoint-1,74
Checkpoint-1,74
Checkpoint-1,74
Checkpoint-1,74
Checkpoint-1,74
Checkpoint-1,74
Checkpoint-1 (2),80
Checkpoint-1 (2),80
Checkpoint-1 (1),80
Checkpoint-1 (1),80
Checkpoint-1 (1),81
Checkpoint-1 (1),81
Checkpoint-1 (1),81
Checkpoint-1 (1),81
Checkpoint-1 (1),81
Checkpoint-1 (3),86
Checkpoint-1 (3),86
Checkpoint-1 (2),86
Checkpoint-1 (2),86
Checkpoint-1 (2),88
Checkpoint-1 (2),88
Checkpoint-1 (2),88
Checkpoint-1 (2),88
Checkpoint-1 (2),88
Checkpoint-1 (4),93
Checkpoint-1 (3),93
Checkpoint-1 (3),93
Checkpoint-1 (4),93
Checkpoint-1 (3),94
Checkpoint-1 (3),94
Checkpoint-1 (3),94
Checkpoint-1 (3),94
Checkpoint-1 (3),94
Checkpoint-1 (3),94
Checkpoint-1 (3),94
Checkpoint-1 (5),99
Checkpoint-1 (5),99
Checkpoint-1 (4),99
Checkpoint-1 (4),99
Checkpoint-1 (4),100
Checkpoint-1 (4),100
Checkpoint-1 (4),100
Checkpoint-1 (4),100
Checkpoint-1 (4),100
Checkpoint-1 (6),104
Checkpoint-1 (6),104
Checkpoint-1 (5),104
Checkpoint-1 (5),104
Checkpoint-1 (5),105
Checkpoint-1 (5),105
Checkpoint-1 (5),105
Checkpoint-1 (5),105
Checkpoint-1 (5),105
Checkpoint-1 (7),109
Checkpoint-1 (7),109
Checkpoint-1 (6),109
Checkpoint-1 (6),109
Checkpoint-1 (6),110
Checkpoint-1 (6),111
Checkpoint-1 (6),111
Checkpoint-1 (6),111
Checkpoint-1 (6),111
Checkpoint-1 (8),114
Checkpoint-1 (7),114
Checkpoint-1 (7),114
Checkpoint-1 (8),114
Checkpoint-1 (7),115
Checkpoint-1 (7),116
Checkpoint-1 (7),116
Checkpoint-1 (7),116
Checkpoint-1 (7),116
Checkpoint-1 (9),119
Checkpoint-1 (8),119
Checkpoint-1 (8),119
Checkpoint-1 (9),119
Checkpoint-1 (8),120
Checkpoint-1 (8),120
Checkpoint-1 (8),120
Checkpoint-1 (8),120
Checkpoint-1 (8),120
Checkpoint-1 (10),116
Checkpoint-1 (10),116
Checkpoint-1 (9),116
Checkpoint-1 (9),116
Checkpoint-1 (9),115
Checkpoint-1 (9),114
Checkpoint-1 (9),114
Checkpoint-1 (9),114
Checkpoint-1 (9),114
Checkpoint-1 (11),110
Checkpoint-1 (11),110
Checkpoint-1 (10),110
Checkpoint-1 (10),110
Checkpoint-1 (10),109
Checkpoint-1 (10),109
Checkpoint-1 (10),109
Checkpoint-1 (10),109
Checkpoint-1 (10),109
Checkpoint-1 (12),105
Checkpoint-1 (12),105
Checkpoint-1 (11),105
Checkpoint-1 (11),105
Checkpoint-1 (11),104
Checkpoint-1 (11),103
Checkpoint-1 (11),103
Checkpoint-1 (11),103
Checkpoint-1 (11),103
Checkpoint-1 (11),103
Checkpoint-1 (11),103
Checkpoint-1 (11),103
Checkpoint-1 (13),99
Checkpoint-1 (12),99
Checkpoint-1 (12),99
Checkpoint-1 (13),99
Checkpoint-1 (12),98
Checkpoint-1 (12),97
Checkpoint-1 (12),97
Checkpoint-1 (12),97
Checkpoint-1 (12),97
Checkpoint-1 (12),97
Checkpoint-1 (12),97
Checkpoint-1 (12),97
Checkpoint-1 (14),92
Checkpoint-1 (13),92
Checkpoint-1 (14),92
Checkpoint-1 (13),92
Checkpoint-1 (13),91
Checkpoint-1 (13),91
Checkpoint-1 (13),91
Checkpoint-1 (13),91
Checkpoint-1 (13),91
Checkpoint-1 (15),86
Checkpoint-1 (14),86
Checkpoint-1 (14),86
Checkpoint-1 (15),86
Checkpoint-1 (14),84
Checkpoint-1 (14),84
Checkpoint-1 (14),84
Checkpoint-1 (14),84
Checkpoint-1 (14),84
Checkpoint-1 (16),78
Checkpoint-1 (16),78
Checkpoint-1 (15),78
Checkpoint-1 (15),78
Checkpoint-1 (15),77
Checkpoint-1 (15),76
Checkpoint-1 (15),76
Checkpoint-1 (15),76
Checkpoint-1 (15),76
Checkpoint-1 (16),70
Checkpoint-1 (16),70
Checkpoint-1 (17),70
Checkpoint-1 (17),70
Checkpoint-1 (16),68
Checkpoint-1 (16),68
Checkpoint-1 (16),68
Checkpoint-1 (16),68
Checkpoint-1 (16),68
Checkpoint-1 (18),61
Checkpoint-1 (17),61
Checkpoint-1 (17),61
Checkpoint-1 (18),61
Checkpoint-1 (17),59
Checkpoint-1 (17),58
Checkpoint-1 (17),58
Checkpoint-1 (17),58
Checkpoint-1 (17),58
Checkpoint-1 (19),51
Checkpoint-1 (18),51
Checkpoint-1 (18),51
Checkpoint-1 (19),51
Checkpoint-1 (18),53
Checkpoint-1 (18),54
Checkpoint-1 (18),54
Checkpoint-1 (18),54
Checkpoint-1 (18),54
Checkpoint-1 (19),61
Checkpoint-1 (19),61
Checkpoint-1 (19),63
Checkpoint-1 (20),64
Checkpoint-1 (19),64
Checkpoint-1 (19),64
Checkpoint-1 (19),64
Checkpoint-1 (19),64
Checkpoint-1 (20),65
Checkpoint-1 (20),69
Checkpoint-1 (20),69
Checkpoint-1 (21),70
Checkpoint-1 (20),70
Checkpoint-1 (21),70
Checkpoint-1 (20),71
Checkpoint-1 (20),71
Checkpoint-1 (20),71
Checkpoint-1 (20),71
Checkpoint-1 (21),74
Checkpoint-1 (21),74
Checkpoint-1 (21),76
Checkpoint-1 (21),76
Checkpoint-1 (21),76
Checkpoint-1 (21),76
Checkpoint-1 (21),76
Checkpoint-1 (22),76
Checkpoint-1 (22),77
Checkpoint-1 (22),83
Checkpoint-1 (22),83
Checkpoint-1 (22),85
Checkpoint-1 (23),85
Checkpoint-1 (23),85
Checkpoint-1 (22),85
Checkpoint-1 (22),85
Checkpoint-1 (22),85
Checkpoint-1 (22),85
Checkpoint-1 (23),91
Checkpoint-1 (23),91
Checkpoint-1 (24),92
Checkpoint-1 (24),92
Checkpoint-1 (23),92
Checkpoint-1 (23),92
Checkpoint-1 (23),92
Checkpoint-1 (23),92
Checkpoint-1 (23),92
Checkpoint-1 (25),97
Checkpoint-1 (25),97
Checkpoint-1 (24),97
Checkpoint-1 (24),97
Checkpoint-1 (24),97
Checkpoint-1 (24),97
Checkpoint-1 (24),97
Checkpoint-1 (24),98
Checkpoint-1 (24),98
Checkpoint-1 (24),98
Checkpoint-1 (24),98
Checkpoint-1 (24),98
Checkpoint-1 (25),97
Checkpoint-1 (25),97
Checkpoint-1 (26),96
Checkpoint-1 (25),96
Checkpoint-1 (26),96
Checkpoint-1 (25),96
Checkpoint-1 (25),96
Checkpoint-1 (25),96
Checkpoint-1 (25),96
Checkpoint-1 (25),95
Checkpoint-1 (25),95
Checkpoint-1 (25),95
Checkpoint-1 (26),94
Checkpoint-1 (26),94
Checkpoint-1 (27),94
Checkpoint-1 (27),94
Checkpoint-1 (26),95
Checkpoint-1 (26),95
Checkpoint-1 (26),95
Checkpoint-1 (26),95
Checkpoint-1 (26),95
Checkpoint-1 (27),99
Checkpoint-1 (27),99
Checkpoint-1 (28),99
Checkpoint-1 (28),99
Checkpoint-1 (27),100
Checkpoint-1 (27),100
Checkpoint-1 (27),100
Checkpoint-1 (27),100
Checkpoint-1 (27),100
Checkpoint-1 (28),104
Checkpoint-1 (28),104
Checkpoint-1 (29),104
Checkpoint-1 (29),104
Checkpoint-1 (28),105
Checkpoint-1 (28),105
Checkpoint-1 (28),105
Checkpoint-1 (28),105
Checkpoint-1 (28),105
Checkpoint-1 (29),109
Checkpoint-1 (29),109
Checkpoint-1 (30),109
Checkpoint-1 (30),109
Checkpoint-1 (29),110
Checkpoint-1 (29),111
Checkpoint-1 (29),111
Checkpoint-1 (29),111
Checkpoint-1 (29),111
Checkpoint-1 (30),114
Checkpoint-1 (30),114
Checkpoint-1 (31),114
Checkpoint-1 (31),114
Checkpoint-1 (30),115
Checkpoint-1 (30),115
Checkpoint-1 (30),115
Checkpoint-1 (30),115
Checkpoint-1 (30),115
Checkpoint-1 (31),119
Checkpoint-1 (31),119
Checkpoint-1 (32),119
Checkpoint-1 (32),119
Checkpoint-1 (31),120
Checkpoint-1 (31),120
Checkpoint-1 (31),120
Checkpoint-1 (31),120
Checkpoint-1 (31),120
Checkpoint-1 (32),123
Checkpoint-1 (32),123
Checkpoint-1 (33),123
Checkpoint-1 (33),123
Checkpoint-1 (32),124
Checkpoint-1 (32),125
Checkpoint-1 (32),125
Checkpoint-1 (32),125
Checkpoint-1 (32),125
Checkpoint-1 (33),128
Checkpoint-1 (33),128
Checkpoint-1 (34),128
Checkpoint-1 (34),128
Checkpoint-1 (33),129
Checkpoint-1 (33),129
Checkpoint-1 (33),129
Checkpoint-1 (33),129
Checkpoint-1 (33),129
Checkpoint-1 (34),132
Checkpoint-1 (34),132
Checkpoint-1 (35),132
Checkpoint-1 (35),132
Checkpoint-1 (34),132
Checkpoint-1 (34),133
Checkpoint-1 (34),133
Checkpoint-1 (34),133
Checkpoint-1 (34),133
Checkpoint-1 (35),136
Checkpoint-1 (35),136
Checkpoint-1 (36),136
Checkpoint-1 (36),136
Checkpoint-1 (35),137
Checkpoint-1 (35),137
Checkpoint-1 (35),137
Checkpoint-1 (35),137
Checkpoint-1 (35),137
Checkpoint-1 (36),140
Checkpoint-1 (36),140
Checkpoint-1 (37),140
Checkpoint-1 (37),140
Checkpoint-1 (36),141
Checkpoint-1 (36),141
Checkpoint-1 (36),141
Checkpoint-1 (36),141
Checkpoint-1 (36),141
Checkpoint-1 (37),144
Checkpoint-1 (38),144
Checkpoint-1 (38),144
Checkpoint-1 (37),144
Checkpoint-1 (37),144
Checkpoint-1 (37),145
Checkpoint-1 (37),145
Checkpoint-1 (37),145
Checkpoint-1 (37),145
Checkpoint-1 (38),147
Checkpoint-1 (38),147
Checkpoint-1 (39),147
Checkpoint-1 (39),147
Checkpoint-1 (38),148
Checkpoint-1 (38),148
Checkpoint-1 (38),148
Checkpoint-1 (38),148
Checkpoint-1 (38),148
Checkpoint-1 (39),147
Checkpoint-1 (39),147
Checkpoint-1 (40),147
Checkpoint-1 (40),147
Checkpoint-1 (39),146
Checkpoint-1 (39),146
Checkpoint-1 (39),146
Checkpoint-1 (39),146
Checkpoint-1 (40),143
Checkpoint-1 (40),143
Checkpoint-1 (41),143
Checkpoint-1 (41),143
Checkpoint-1 (40),142
Checkpoint-1 (40),142
Checkpoint-1 (40),142
Checkpoint-1 (40),142
Checkpoint-1 (40),142
Checkpoint-1 (41),139
Checkpoint-1 (41),139
Checkpoint-1 (42),139
Checkpoint-1 (42),139
Checkpoint-1 (41),138
Checkpoint-1 (41),137
Checkpoint-1 (41),137
Checkpoint-1 (41),137
Checkpoint-1 (41),137
Checkpoint-1 (42),134
Checkpoint-1 (42),134
Checkpoint-1 (43),134
Checkpoint-1 (43),134
Checkpoint-1 (42),133
Checkpoint-1 (42),133
Checkpoint-1 (42),133
Checkpoint-1 (42),133
Checkpoint-1 (42),133
Checkpoint-1 (43),129
Checkpoint-1 (43),129
Checkpoint-1 (44),129
Checkpoint-1 (44),129
Checkpoint-1 (43),128
Checkpoint-1 (43),128
Checkpoint-1 (43),128
Checkpoint-1 (43),128
Checkpoint-1 (43),128
Checkpoint-1 (44),125
Checkpoint-1 (44),125
Checkpoint-1 (45),125
Checkpoint-1 (45),124
Checkpoint-1 (44),123
Checkpoint-1 (44),123
Checkpoint-1 (44),123
Checkpoint-1 (44),123
Checkpoint-1 (44),123
Checkpoint-1 (45),119
Checkpoint-1 (45),119
Checkpoint-1 (46),119
Checkpoint-1 (46),119
Checkpoint-1 (45),119
Checkpoint-1 (45),118
Checkpoint-1 (45),118
Checkpoint-1 (45),118
Checkpoint-1 (45),118
Checkpoint-1 (46),114
Checkpoint-1 (46),114
Checkpoint-1 (46),112
Checkpoint-1 (46),112
Checkpoint-1 (46),112
Checkpoint-1 (46),112
Checkpoint-1 (46),112
Checkpoint-1 (46),111
Checkpoint-1 (46),111
Checkpoint-1 (46),111
Checkpoint-1 (47),110
Checkpoint-1 (47),110
Checkpoint-1 (48),99
Checkpoint-1 (48),98
Checkpoint-1 (47),93
Checkpoint-1 (47),93
Checkpoint-1 (47),93
Checkpoint-1 (47),93
Checkpoint-1 (47),92
Checkpoint-1 (47),92
Checkpoint-1 (47),92
Checkpoint-1 (47),92
Checkpoint-1 (48),89
Checkpoint-1 (48),89
Checkpoint-1 (49),87
Checkpoint-1 (49),87
Checkpoint-1 (48),86
Checkpoint-1 (48),86
Checkpoint-1 (48),86
Checkpoint-1 (48),86
Checkpoint-1 (48),86
Checkpoint-1 (48),85
Checkpoint-1 (48),85
Checkpoint-1 (48),85
Checkpoint-1 (49),79
Checkpoint-1 (49),79
Checkpoint-1 (50),77
Checkpoint-1 (49),77
Checkpoint-1 (50),77
Checkpoint-1 (49),77
Checkpoint-1 (49),77
Checkpoint-1 (49),77
Checkpoint-1 (49),77
Checkpoint-1 (49),76
Checkpoint-1 (49),76
Checkpoint-1 (49),76
Checkpoint-1 (50),68
Checkpoint-1 (50),68
Checkpoint-1 (50),67
Checkpoint-1 (50),66
Checkpoint-1 (50),66
Checkpoint-1 (50),66
Checkpoint-1 (50),66
Checkpoint-1 (50),66
Checkpoint-1 (50),66
Checkpoint-1 (51),66
Checkpoint-1 (51),66
Checkpoint-1 (51),55
Checkpoint-1 (51),55
Checkpoint-1 (52),54
Checkpoint-1 (52),53
Checkpoint-1 (51),53
Checkpoint-1 (51),52
Checkpoint-1 (51),52
Checkpoint-1 (51),52
Checkpoint-1 (51),52
Checkpoint-1 (51),52
Checkpoint-1 (51),52
Checkpoint-1 (51),52
Checkpoint-1 (52),43
Checkpoint-1 (52),43
Checkpoint-1 (52),45
Checkpoint-1 (52),46
Checkpoint-1 (52),46
Checkpoint-1 (52),46
Checkpoint-1 (52),46
Checkpoint-1 (52),47
Checkpoint-1 (52),47
Checkpoint-1 (52),47
Checkpoint-1 (52),47
Checkpoint-1 (53),47
Checkpoint-1 (53),48
Checkpoint-1,57
Checkpoint-1 (53),57
Checkpoint-1 (53),57
Checkpoint-1,57
Checkpoint-1 (53),59
Checkpoint-1 (53),59
Checkpoint-1 (53),59
Checkpoint-1 (53),59
Checkpoint-1 (53),59
Checkpoint-1 (1),66
Checkpoint-1 (1),66
Checkpoint-1,66
Checkpoint-1,66
Checkpoint-1,67
Checkpoint-1,68
Checkpoint-1,68
Checkpoint-1,68
Checkpoint-1,68
Checkpoint-1 (1),74
Checkpoint-1 (1),74
Checkpoint-1 (2),74
Checkpoint-1 (2),74
Checkpoint-1 (1),75
Checkpoint-1 (1),75
Checkpoint-1 (1),75
Checkpoint-1 (1),75
Checkpoint-1 (1),75
Checkpoint-1 (1),76
Checkpoint-1 (2),81
Checkpoint-1 (2),81
Checkpoint-1 (3),81
Checkpoint-1 (3),81
Checkpoint-1 (2),82
Checkpoint-1 (2),82
Checkpoint-1 (2),82
Checkpoint-1 (2),82
Checkpoint-1 (2),82
Checkpoint-1 (3),87
Checkpoint-1 (3),87
Checkpoint-1 (4),87
Checkpoint-1 (4),87
Checkpoint-1 (3),88
Checkpoint-1 (3),88
Checkpoint-1 (3),88
Checkpoint-1 (3),88
Checkpoint-1 (3),89
Checkpoint-1 (3),89
Checkpoint-1 (4),93
Checkpoint-1 (4),93
Checkpoint-1 (5),93
Checkpoint-1 (5),93
Checkpoint-1 (4),94
Checkpoint-1 (4),94
Checkpoint-1 (4),94
Checkpoint-1 (4),94
Checkpoint-1 (4),95
Checkpoint-1 (5),99
Checkpoint-1 (5),99
Checkpoint-1 (6),99
Checkpoint-1 (6),99
Checkpoint-1 (5),100
Checkpoint-1 (5),100
Checkpoint-1 (5),100
Checkpoint-1 (5),100
Checkpoint-1 (5),100
Checkpoint-1 (7),104
Checkpoint-1 (7),104
Checkpoint-1 (6),104
Checkpoint-1 (6),104
Checkpoint-1 (6),105
Checkpoint-1 (6),106
Checkpoint-1 (6),106
Checkpoint-1 (6),106
Checkpoint-1 (6),106
Checkpoint-1 (8),110
Checkpoint-1 (7),110
Checkpoint-1 (7),110
Checkpoint-1 (8),110
Checkpoint-1 (7),111
Checkpoint-1 (7),111
Checkpoint-1 (7),111
Checkpoint-1 (7),111
Checkpoint-1 (7),111
Checkpoint-1 (8),115
Checkpoint-1 (8),115
Checkpoint-1 (9),115
Checkpoint-1 (9),115
Checkpoint-1 (8),115
Checkpoint-1 (8),116
Checkpoint-1 (8),116
Checkpoint-1 (8),116
Checkpoint-1 (8),116
Checkpoint-1 (9),119
Checkpoint-1 (9),119
Checkpoint-1 (10),119
Checkpoint-1 (10),119
Checkpoint-1 (9),120
Checkpoint-1 (9),120
Checkpoint-1 (9),120
Checkpoint-1 (9),120
Checkpoint-1 (9),120
Checkpoint-1 (11),124
Checkpoint-1 (11),124
Checkpoint-1 (10),124
Checkpoint-1 (10),124
Checkpoint-1 (10),124
Checkpoint-1 (10),123
Checkpoint-1 (10),123
Checkpoint-1 (10),123
Checkpoint-1 (10),123
Checkpoint-1 (11),120
Checkpoint-1 (11),120
Checkpoint-1 (12),119
Checkpoint-1 (12),119
Checkpoint-1 (11),118
Checkpoint-1 (11),118
Checkpoint-1 (11),118
Checkpoint-1 (11),118
Checkpoint-1 (11),118
Checkpoint-1 (12),114
Checkpoint-1 (12),114
Checkpoint-1 (13),114
Checkpoint-1 (13),114
Checkpoint-1 (12),113
Checkpoint-1 (12),113
Checkpoint-1 (12),113
Checkpoint-1 (12),113
Checkpoint-1 (12),113
Checkpoint-1 (14),109
Checkpoint-1 (14),109
Checkpoint-1 (13),109
Checkpoint-1 (13),109
Checkpoint-1 (13),108
Checkpoint-1 (13),107
Checkpoint-1 (13),107
Checkpoint-1 (13),107
Checkpoint-1 (13),107
Checkpoint-1 (15),103
Checkpoint-1 (15),103
Checkpoint-1 (14),103
Checkpoint-1 (14),103
Checkpoint-1 (14),102
Checkpoint-1 (14),102
Checkpoint-1 (14),102
Checkpoint-1 (14),102
Checkpoint-1 (14),102
Checkpoint-1 (14),101
Checkpoint-1 (14),101
Checkpoint-1 (14),101
Checkpoint-1 (16),97
Checkpoint-1 (16),97
Checkpoint-1 (15),97
Checkpoint-1 (15),97
Checkpoint-1 (15),96
Checkpoint-1 (15),95
Checkpoint-1 (15),95
Checkpoint-1 (15),95
Checkpoint-1 (15),95
Checkpoint-1 (15),95
Checkpoint-1 (15),95
Checkpoint-1 (16),90
Checkpoint-1 (17),90
Checkpoint-1 (17),90
Checkpoint-1 (16),90
Checkpoint-1 (16),89
Checkpoint-1 (16),89
Checkpoint-1 (16),89
Checkpoint-1 (16),89
Checkpoint-1 (16),89
Checkpoint-1 (17),84
Checkpoint-1 (17),84
Checkpoint-1 (18),84
Checkpoint-1 (18),84
Checkpoint-1 (17),82
Checkpoint-1 (17),82
Checkpoint-1 (17),82
Checkpoint-1 (17),82
Checkpoint-1 (17),82
Checkpoint-1 (19),76
Checkpoint-1 (19),76
Checkpoint-1 (18),76
Checkpoint-1 (18),76
Checkpoint-1 (18),74
Checkpoint-1 (18),74
Checkpoint-1 (18),74
Checkpoint-1 (18),74
Checkpoint-1 (18),74
Checkpoint-1 (18),74
Checkpoint-1 (18),74
Checkpoint-1 (19),67
Checkpoint-1 (19),67
Checkpoint-1 (19),66
Checkpoint-1 (20),65
Checkpoint-1 (20),65
Checkpoint-1 (19),65
Checkpoint-1 (19),65
Checkpoint-1 (19),65
Checkpoint-1 (19),65
Checkpoint-1 (19),64
Checkpoint-1 (20),55
Checkpoint-1 (20),55
Checkpoint-1 (21),52
Checkpoint-1 (20),52
Checkpoint-1 (21),52
Checkpoint-1 (20),51
Checkpoint-1 (20),51
Checkpoint-1 (20),51
Checkpoint-1 (20),51
Checkpoint-1 (20),50
Checkpoint-1 (21),40
Checkpoint-1 (21),40
Checkpoint-1 (21),41
Checkpoint-1 (21),42
Checkpoint-1 (21),42
Checkpoint-1 (21),42
Checkpoint-1 (21),42
Checkpoint-1 (22),42
Checkpoint-1 (21),42
Checkpoint-1 (21),42
Checkpoint-1 (21),42
Checkpoint-1 (22),43
Checkpoint-1 (22),54
Checkpoint-1 (22),54
Checkpoint-1 (22),56
Checkpoint-1 (23),56
Checkpoint-1 (23),56
Checkpoint-1 (22),57
Checkpoint-1 (22),57
Checkpoint-1 (22),57
Checkpoint-1 (22),57
Checkpoint-1 (22),57
Checkpoint-1 (22),57
Checkpoint-1 (23),66
Checkpoint-1 (23),66
Checkpoint-1 (24),67
Checkpoint-1 (24),67
Checkpoint-1 (23),67
Checkpoint-1 (23),68
Checkpoint-1 (23),68
Checkpoint-1 (23),68
Checkpoint-1 (23),68
Checkpoint-1 (25),73
Checkpoint-1 (25),74
Checkpoint-1 (24),74
Checkpoint-1 (24),74
Checkpoint-1 (24),75
Checkpoint-1 (24),75
Checkpoint-1 (24),75
Checkpoint-1 (24),75
Checkpoint-1 (24),76
Checkpoint-1 (25),78
Checkpoint-1 (25),78
Checkpoint-1 (25),79
Checkpoint-1 (26),79
Checkpoint-1 (25),79
Checkpoint-1 (25),79
Checkpoint-1 (25),79
Checkpoint-1 (25),79
Checkpoint-1 (26),79
Checkpoint-1 (26),82
Checkpoint-1 (26),82
Checkpoint-1 (27),82
Checkpoint-1 (27),82
Checkpoint-1 (26),83
Checkpoint-1 (26),83
Checkpoint-1 (26),83
Checkpoint-1 (26),83
Checkpoint-1 (26),83
Checkpoint-1 (27),87
Checkpoint-1 (27),87
Checkpoint-1 (28),87
Checkpoint-1 (28),87
Checkpoint-1 (27),89
Checkpoint-1 (27),89
Checkpoint-1 (27),89
Checkpoint-1 (27),89
Checkpoint-1 (27),89
Checkpoint-1 (28),94
Checkpoint-1 (28),94
Checkpoint-1 (29),94
Checkpoint-1 (29),94
Checkpoint-1 (28),95
Checkpoint-1 (28),95
Checkpoint-1 (28),95
Checkpoint-1 (28),95
Checkpoint-1 (28),95
Checkpoint-1 (29),99
Checkpoint-1 (29),99
Checkpoint-1 (30),99
Checkpoint-1 (30),100
Checkpoint-1 (29),100
Checkpoint-1 (29),101
Checkpoint-1 (29),101
Checkpoint-1 (29),101
Checkpoint-1 (29),101
Checkpoint-1 (30),105
Checkpoint-1 (30),105
Checkpoint-1 (31),105
Checkpoint-1 (31),105
Checkpoint-1 (30),106
Checkpoint-1 (30),106
Checkpoint-1 (30),106
Checkpoint-1 (30),106
Checkpoint-1 (30),106
Checkpoint-1 (30),106
Checkpoint-1 (31),110
Checkpoint-1 (31),110
Checkpoint-1 (32),110
Checkpoint-1 (32),110
Checkpoint-1 (31),111
Checkpoint-1 (31),111
Checkpoint-1 (31),111
Checkpoint-1 (31),111
Checkpoint-1 (31),111
Checkpoint-1 (32),115
Checkpoint-1 (32),115
Checkpoint-1 (33),115
Checkpoint-1 (33),115
Checkpoint-1 (32),116
Checkpoint-1 (32),116
Checkpoint-1 (32),116
Checkpoint-1 (32),116
Checkpoint-1 (32),116
Checkpoint-1 (33),120
Checkpoint-1 (33),120
Checkpoint-1 (34),120
Checkpoint-1 (34),120
Checkpoint-1 (33),121
Checkpoint-1 (33),121
Checkpoint-1 (33),121
Checkpoint-1 (33),121
Checkpoint-1 (33),121
Checkpoint-1 (34),124
Checkpoint-1 (35),124
Checkpoint-1 (34),124
Checkpoint-1 (35),124
Checkpoint-1 (34),125
Checkpoint-1 (34),125
Checkpoint-1 (34),125
Checkpoint-1 (34),126
Checkpoint-1 (34),126
Checkpoint-1 (36),129
Checkpoint-1 (35),129
Checkpoint-1 (35),129
Checkpoint-1 (35),130
Checkpoint-1 (35),130
Checkpoint-1 (35),130
Checkpoint-1 (35),130
Checkpoint-1 (35),130
Checkpoint-1 (36),130
Checkpoint-1 (36),133
Checkpoint-1 (36),133
Checkpoint-1 (37),133
Checkpoint-1 (36),134
Checkpoint-1 (37),134
Checkpoint-1 (36),134
Checkpoint-1 (36),134
Checkpoint-1 (36),134
Checkpoint-1 (36),134
Checkpoint-1 (37),137
Checkpoint-1 (37),137
Checkpoint-1 (38),137
Checkpoint-1 (38),138
Checkpoint-1 (37),138
Checkpoint-1 (37),138
Checkpoint-1 (37),138
Checkpoint-1 (37),138
Checkpoint-1 (37),138
Checkpoint-1 (39),141
Checkpoint-1 (38),141
Checkpoint-1 (38),141
Checkpoint-1 (38),142
Checkpoint-1 (38),142
Checkpoint-1 (38),142
Checkpoint-1 (38),142
Checkpoint-1 (38),142
Checkpoint-1 (39),141
Checkpoint-1 (39),139
Checkpoint-1 (39),139
Checkpoint-1 (40),139
Checkpoint-1 (39),138
Checkpoint-1 (39),138
Checkpoint-1 (39),138
Checkpoint-1 (39),138
Checkpoint-1 (39),137
Checkpoint-1 (39),137
Checkpoint-1 (39),137
Checkpoint-1 (40),137
Checkpoint-1 (40),134
Checkpoint-1 (40),134
Checkpoint-1 (41),134
Checkpoint-1 (40),133
Checkpoint-1 (40),133
Checkpoint-1 (40),133
Checkpoint-1 (40),133
Checkpoint-1 (40),133
Checkpoint-1 (40),133
Checkpoint-1 (41),133
Checkpoint-1 (42),130
Checkpoint-1 (41),130
Checkpoint-1 (41),130
Checkpoint-1 (42),129
Checkpoint-1 (41),129
Checkpoint-1 (41),128
Checkpoint-1 (41),128
Checkpoint-1 (41),128
Checkpoint-1 (41),128
Checkpoint-1 (42),125
Checkpoint-1 (42),125
Checkpoint-1 (43),125
Checkpoint-1 (42),124
Checkpoint-1 (42),123
Checkpoint-1 (42),123
Checkpoint-1 (42),123
Checkpoint-1 (42),123
Checkpoint-1 (43),123
Checkpoint-1 (43),120
Checkpoint-1 (43),120
Checkpoint-1 (44),120
Checkpoint-1 (44),119
Checkpoint-1 (43),119
Checkpoint-1 (43),118
Checkpoint-1 (43),118
Checkpoint-1 (43),118
Checkpoint-1 (43),118
Checkpoint-1 (44),115
Checkpoint-1 (44),115
Checkpoint-1 (45),115
Checkpoint-1 (45),114
Checkpoint-1 (44),114
Checkpoint-1 (44),113
Checkpoint-1 (44),113
Checkpoint-1 (44),113
Checkpoint-1 (44),113
Checkpoint-1 (45),109
Checkpoint-1 (45),109
Checkpoint-1 (46),109
Checkpoint-1 (46),109
Checkpoint-1 (45),108
Checkpoint-1 (45),108
Checkpoint-1 (45),108
Checkpoint-1 (45),108
Checkpoint-1 (45),108
Checkpoint-1 (45),107
Checkpoint-1 (45),107
Checkpoint-1 (45),107
Checkpoint-1 (45),107
Checkpoint-1 (45),107
Checkpoint-1 (46),103
Checkpoint-1 (46),103
Checkpoint-1 (46),102
Checkpoint-1 (46),101
Checkpoint-1 (46),101
Checkpoint-1 (46),101
Checkpoint-1 (46),101
Checkpoint-1 (46),101
Checkpoint-1 (46),101
Checkpoint-1 (46),101
Checkpoint-1 (47),100
Checkpoint-1 (47),100
Checkpoint-1 (47),91
Checkpoint-1 (47),91
Checkpoint-1 (48),91
Checkpoint-1 (47),88
Checkpoint-1 (47),88
Checkpoint-1 (47),88
Checkpoint-1 (47),88
Checkpoint-1 (48),87
Checkpoint-1 (47),87
Checkpoint-1 (47),87
Checkpoint-1 (47),87
Checkpoint-1 (47),87
Checkpoint-1 (47),87
Checkpoint-1 (47),87
Checkpoint-1 (48),77
Checkpoint-1 (48),77
Checkpoint-1 (49),75
Checkpoint-1 (49),75
Checkpoint-1 (48),74
Checkpoint-1 (48),73
Checkpoint-1 (48),73
Checkpoint-1 (48),73
Checkpoint-1 (48),73
Checkpoint-1 (49),65
Checkpoint-1 (49),65
Checkpoint-1 (49),63
Checkpoint-1 (50),63
Checkpoint-1 (49),63
Checkpoint-1 (49),63
Checkpoint-1 (49),63
Checkpoint-1 (49),63
Checkpoint-1 (50),59
Checkpoint-1 (50),53
Checkpoint-1 (50),53
Checkpoint-1 (50),51
Checkpoint-1 (50),50
Checkpoint-1 (50),50
Checkpoint-1 (50),50
Checkpoint-1 (50),50
Checkpoint-1 (51),49
Checkpoint-1 (51),47
Checkpoint-1 (51),40
Checkpoint-1 (51),40
Checkpoint-1 (52),42
Checkpoint-1 (51),43
Checkpoint-1 (52),44
Checkpoint-1 (51),44
Checkpoint-1 (51),44
Checkpoint-1 (51),44
Checkpoint-1 (51),44
Checkpoint-1 (52),53
Checkpoint-1 (52),53
Checkpoint-1 (52),55
Checkpoint-1 (52),55
Checkpoint-1 (52),55
Checkpoint-1 (52),55
Checkpoint-1 (52),55
Checkpoint-1 (53),57
Checkpoint-1 (53),58
Checkpoint-1,64
Checkpoint-1 (53),64
Checkpoint-1 (53),64
Checkpoint-1,64
Checkpoint-1 (53),66
Checkpoint-1 (53),66
Checkpoint-1 (53),66
Checkpoint-1 (53),66
Checkpoint-1 (53),66
