Checkpoint-1,11
Checkpoint-1,16
Checkpoint-1,24
Checkpoint-1 (1),24
Checkpoint-1,24
Checkpoint-1 (1),25
Checkpoint-1,28
Checkpoint-1,29
Checkpoint-1,29
Checkpoint-1,29
Checkpoint-1,29
Checkpoint-1 (1),41
Checkpoint-1 (1),41
Checkpoint-1 (2),42
Checkpoint-1 (2),42
Checkpoint-1 (1),44
Checkpoint-1 (1),45
Checkpoint-1 (1),45
Checkpoint-1 (1),45
Checkpoint-1 (1),45
Checkpoint-1 (1),45
Checkpoint-1 (2),53
Checkpoint-1 (2),53
Checkpoint-1 (3),54
Checkpoint-1 (3),54
Checkpoint-1 (2),55
Checkpoint-1 (2),56
Checkpoint-1 (2),56
Checkpoint-1 (2),56
Checkpoint-1 (2),56
Checkpoint-1 (2),56
Checkpoint-1 (2),56
Checkpoint-1 (2),56
Checkpoint-1 (3),63
Checkpoint-1 (3),63
Checkpoint-1 (4),63
Checkpoint-1 (4),63
Checkpoint-1 (3),65
Checkpoint-1 (3),65
Checkpoint-1 (3),65
Checkpoint-1 (3),65
Checkpoint-1 (3),65
Checkpoint-1 (4),71
Checkpoint-1 (4),71
Checkpoint-1 (5),72
Checkpoint-1 (5),72
Checkpoint-1 (4),73
Checkpoint-1 (4),73
Checkpoint-1 (4),73
Checkpoint-1 (4),73
Checkpoint-1 (4),73
Checkpoint-1 (4),74
Checkpoint-1 (4),74
Checkpoint-1 (5),79
Checkpoint-1 (5),79
Checkpoint-1 (6),79
Checkpoint-1 (6),79
Checkpoint-1 (5),80
Checkpoint-1 (5),81
Checkpoint-1 (5),81
Checkpoint-1 (5),81
Checkpoint-1 (5),81
Checkpoint-1 (6),86
Checkpoint-1 (6),86
Checkpoint-1 (7),86
Checkpoint-1 (7),86
Checkpoint-1 (6),87
Checkpoint-1 (6),87
Checkpoint-1 (6),87
Checkpoint-1 (6),87
Checkpoint-1 (6),87
Checkpoint-1 (6),88
Checkpoint-1 (7),92
Checkpoint-1 (7),92
Checkpoint-1 (8),92
Checkpoint-1 (8),92
Checkpoint-1 (7),93
Checkpoint-1 (7),94
Checkpoint-1 (7),94
Checkpoint-1 (7),94
Checkpoint-1 (7),94
Checkpoint-1 (8),98
Checkpoint-1 (8),98
Checkpoint-1 (9),98
Checkpoint-1 (9),98
Checkpoint-1 (8),99
Checkpoint-1 (8),99
Checkpoint-1 (8),99
Checkpoint-1 (8),99
Checkpoint-1 (8),99
Checkpoint-1 (9),104
Checkpoint-1 (9),104
Checkpoint-1 (10),104
Checkpoint-1 (10),104
Checkpoint-1 (9),105
Checkpoint-1 (9),105
Checkpoint-1 (9),105
Checkpoint-1 (9),105
Checkpoint-1 (9),105
Checkpoint-1 (9),105
Checkpoint-1 (10),109
Checkpoint-1 (10),109
Checkpoint-1 (11),109
Checkpoint-1 (11),109
Checkpoint-1 (10),110
Checkpoint-1 (10),110
Checkpoint-1 (10),110
Checkpoint-1 (10),110
Checkpoint-1 (10),110
Checkpoint-1 (10),110
Checkpoint-1 (10),110
Checkpoint-1 (10),110
Checkpoint-1 (10),110
Checkpoint-1 (11),114
Checkpoint-1 (11),114
Checkpoint-1 (12),114
Checkpoint-1 (12),114
Checkpoint-1 (11),115
Checkpoint-1 (11),115
Checkpoint-1 (11),115
Checkpoint-1 (11),115
Checkpoint-1 (11),115
Checkpoint-1 (11),115
Checkpoint-1 (12),119
Checkpoint-1 (12),119
Checkpoint-1 (13),119
Checkpoint-1 (13),119
Checkpoint-1 (12),119
Checkpoint-1 (12),120
Checkpoint-1 (12),120
Checkpoint-1 (12),120
Checkpoint-1 (12),120
Checkpoint-1 (13),123
Checkpoint-1 (13),123
Checkpoint-1 (14),123
Checkpoint-1 (14),123
Checkpoint-1 (13),124
Checkpoint-1 (13),124
Checkpoint-1 (13),124
Checkpoint-1 (13),124
Checkpoint-1 (13),124
Checkpoint-1 (13),124
Checkpoint-1 (13),124
Checkpoint-1 (13),124
Checkpoint-1 (13),124
Checkpoint-1 (14),128
Checkpoint-1 (14),128
Checkpoint-1 (15),128
Checkpoint-1 (15),128
Checkpoint-1 (14),128
Checkpoint-1 (14),127
Checkpoint-1 (14),127
Checkpoint-1 (14),127
Checkpoint-1 (14),127
Checkpoint-1 (14),127
Checkpoint-1 (15),121
Checkpoint-1 (15),121
Checkpoint-1 (15),119
Checkpoint-1 (15),118
Checkpoint-1 (15),118
Checkpoint-1 (15),118
Checkpoint-1 (15),118
Checkpoint-1 (16),106
Checkpoint-1 (16),87
Checkpoint-1 (17),85
Checkpoint-1 (17),84
Checkpoint-1 (16),83
Checkpoint-1 (16),83
Checkpoint-1 (16),82
Checkpoint-1 (16),82
Checkpoint-1 (16),82
Checkpoint-1 (16),82
Checkpoint-1 (17),70
Checkpoint-1 (17),70
Checkpoint-1 (17),66
Checkpoint-1 (18),66
Checkpoint-1 (17),65
Checkpoint-1 (17),65
Checkpoint-1 (17),65
Checkpoint-1 (17),65
Checkpoint-1 (18),64
Checkpoint-1 (18),55
Checkpoint-1 (18),55
Checkpoint-1 (19),56
Checkpoint-1 (19),56
Checkpoint-1 (18),57
Checkpoint-1 (18),58
Checkpoint-1 (18),58
Checkpoint-1 (18),58
Checkpoint-1 (18),58
Checkpoint-1 (18),58
Checkpoint-1 (19),62
Checkpoint-1 (19),62
Checkpoint-1 (19),62
Checkpoint-1 (20),62
Checkpoint-1 (19),61
Checkpoint-1 (19),62
Checkpoint-1 (19),62
Checkpoint-1 (19),62
Checkpoint-1 (19),62
Checkpoint-1 (20),63
Checkpoint-1 (20),63
Checkpoint-1 (20),64
Checkpoint-1 (20),64
Checkpoint-1 (20),63
Checkpoint-1 (20),63
Checkpoint-1 (20),63
Checkpoint-1 (20),63
Checkpoint-1 (20),63
Checkpoint-1 (21),62
Checkpoint-1 (21),62
Checkpoint-1 (20),62
Checkpoint-1 (21),61
Checkpoint-1 (21),62
Checkpoint-1 (21),62
Checkpoint-1 (21),62
Checkpoint-1 (21),62
Checkpoint-1 (21),62
Checkpoint-1 (21),62
Checkpoint-1 (21),63
Checkpoint-1 (21),63
Checkpoint-1 (22),63
Checkpoint-1 (22),64
Checkpoint-1 (22),71
Checkpoint-1 (22),71
Checkpoint-1 (22),72
Checkpoint-1 (23),72
Checkpoint-1 (23),72
Checkpoint-1 (22),72
Checkpoint-1 (22),72
Checkpoint-1 (22),72
Checkpoint-1 (22),72
Checkpoint-1 (23),79
Checkpoint-1 (23),79
Checkpoint-1 (24),80
Checkpoint-1 (24),81
Checkpoint-1 (23),81
Checkpoint-1 (23),81
Checkpoint-1 (23),81
Checkpoint-1 (23),81
Checkpoint-1 (23),81
Checkpoint-1 (24),87
Checkpoint-1 (24),87
Checkpoint-1 (25),87
Checkpoint-1 (24),87
Checkpoint-1 (25),87
Checkpoint-1 (24),87
Checkpoint-1 (24),87
Checkpoint-1 (24),87
Checkpoint-1 (24),87
Checkpoint-1 (24),86
Checkpoint-1 (24),86
Checkpoint-1 (25),76
Checkpoint-1 (25),75
Checkpoint-1 (26),73
Checkpoint-1 (25),72
Checkpoint-1 (26),72
Checkpoint-1 (25),71
Checkpoint-1 (25),71
Checkpoint-1 (25),71
Checkpoint-1 (25),71
Checkpoint-1 (26),61
Checkpoint-1 (26),61
Checkpoint-1 (27),60
Checkpoint-1 (27),60
Checkpoint-1 (26),59
Checkpoint-1 (26),58
Checkpoint-1 (26),58
Checkpoint-1 (26),58
Checkpoint-1 (26),58
Checkpoint-1 (27),60
Checkpoint-1 (27),60
Checkpoint-1 (28),60
Checkpoint-1 (28),60
Checkpoint-1 (27),62
Checkpoint-1 (27),62
Checkpoint-1 (27),62
Checkpoint-1 (27),62
Checkpoint-1 (27),62
Checkpoint-1 (27),62
Checkpoint-1 (27),62
Checkpoint-1 (27),62
Checkpoint-1 (28),68
Checkpoint-1 (28),68
Checkpoint-1 (29),68
Checkpoint-1 (29),68
Checkpoint-1 (28),69
Checkpoint-1 (28),70
Checkpoint-1 (28),70
Checkpoint-1 (28),70
Checkpoint-1 (28),70
Checkpoint-1 (28),70
Checkpoint-1 (28),70
Checkpoint-1 (28),70
Checkpoint-1 (28),70
Checkpoint-1 (29),76
Checkpoint-1 (29),76
Checkpoint-1 (30),76
Checkpoint-1 (30),76
Checkpoint-1 (29),77
Checkpoint-1 (29),77
Checkpoint-1 (29),77
Checkpoint-1 (29),77
Checkpoint-1 (29),78
Checkpoint-1 (29),78
Checkpoint-1 (30),83
Checkpoint-1 (30),83
Checkpoint-1 (31),83
Checkpoint-1 (31),83
Checkpoint-1 (30),84
Checkpoint-1 (30),84
Checkpoint-1 (30),84
Checkpoint-1 (30),84
Checkpoint-1 (30),84
Checkpoint-1 (31),89
Checkpoint-1 (31),89
Checkpoint-1 (32),90
Checkpoint-1 (32),90
Checkpoint-1 (31),90
Checkpoint-1 (31),91
Checkpoint-1 (31),91
Checkpoint-1 (31),91
Checkpoint-1 (31),91
Checkpoint-1 (31),91
Checkpoint-1 (31),91
Checkpoint-1 (31),91
Checkpoint-1 (32),95
Checkpoint-1 (32),95
Checkpoint-1 (33),96
Checkpoint-1 (33),96
Checkpoint-1 (32),96
Checkpoint-1 (32),97
Checkpoint-1 (32),97
Checkpoint-1 (32),97
Checkpoint-1 (32),97
Checkpoint-1 (33),101
Checkpoint-1 (33),101
Checkpoint-1 (34),101
Checkpoint-1 (34),101
Checkpoint-1 (33),102
Checkpoint-1 (33),102
Checkpoint-1 (33),102
Checkpoint-1 (33),102
Checkpoint-1 (33),102
Checkpoint-1 (34),106
Checkpoint-1 (34),106
Checkpoint-1 (35),107
Checkpoint-1 (35),107
Checkpoint-1 (34),107
Checkpoint-1 (34),108
Checkpoint-1 (34),108
Checkpoint-1 (34),108
Checkpoint-1 (34),108
Checkpoint-1 (35),111
Checkpoint-1 (35),111
Checkpoint-1 (36),112
Checkpoint-1 (36),112
Checkpoint-1 (35),112
Checkpoint-1 (35),113
Checkpoint-1 (35),113
Checkpoint-1 (35),113
Checkpoint-1 (35),113
Checkpoint-1 (36),116
Checkpoint-1 (36),116
Checkpoint-1 (37),116
Checkpoint-1 (37),116
Checkpoint-1 (36),117
Checkpoint-1 (36),117
Checkpoint-1 (36),117
Checkpoint-1 (36),117
Checkpoint-1 (36),117
Checkpoint-1 (37),121
Checkpoint-1 (37),121
Checkpoint-1 (38),121
Checkpoint-1 (38),121
Checkpoint-1 (37),122
Checkpoint-1 (37),122
Checkpoint-1 (37),122
Checkpoint-1 (37),122
Checkpoint-1 (37),122
Checkpoint-1 (37),122
Checkpoint-1 (37),122
Checkpoint-1 (38),125
Checkpoint-1 (38),125
Checkpoint-1 (39),125
Checkpoint-1 (39),125
Checkpoint-1 (38),126
Checkpoint-1 (38),126
Checkpoint-1 (38),126
Checkpoint-1 (38),126
Checkpoint-1 (38),126
Checkpoint-1 (39),123
Checkpoint-1 (39),123
Checkpoint-1 (40),123
Checkpoint-1 (40),123
Checkpoint-1 (39),122
Checkpoint-1 (39),122
Checkpoint-1 (39),122
Checkpoint-1 (39),122
Checkpoint-1 (39),122
Checkpoint-1 (40),118
Checkpoint-1 (40),118
Checkpoint-1 (41),118
Checkpoint-1 (41),118
Checkpoint-1 (40),117
Checkpoint-1 (40),117
Checkpoint-1 (40),117
Checkpoint-1 (40),117
Checkpoint-1 (40),117
Checkpoint-1 (41),113
Checkpoint-1 (41),113
Checkpoint-1 (42),113
Checkpoint-1 (42),113
Checkpoint-1 (41),112
Checkpoint-1 (41),112
Checkpoint-1 (41),112
Checkpoint-1 (41),112
Checkpoint-1 (41),112
Checkpoint-1 (42),107
Checkpoint-1 (42),107
Checkpoint-1 (43),107
Checkpoint-1 (43),107
Checkpoint-1 (42),106
Checkpoint-1 (42),106
Checkpoint-1 (42),106
Checkpoint-1 (42),106
Checkpoint-1 (42),106
Checkpoint-1 (43),101
Checkpoint-1 (43),101
Checkpoint-1 (44),101
Checkpoint-1 (44),101
Checkpoint-1 (43),100
Checkpoint-1 (43),100
Checkpoint-1 (43),100
Checkpoint-1 (43),100
Checkpoint-1 (43),100
Checkpoint-1 (43),99
Checkpoint-1 (43),99
Checkpoint-1 (44),95
Checkpoint-1 (44),95
Checkpoint-1 (45),95
Checkpoint-1 (45),95
Checkpoint-1 (44),94
Checkpoint-1 (44),93
Checkpoint-1 (44),93
Checkpoint-1 (44),93
Checkpoint-1 (44),93
Checkpoint-1 (45),88
Checkpoint-1 (45),88
Checkpoint-1 (46),88
Checkpoint-1 (46),88
Checkpoint-1 (45),87
Checkpoint-1 (45),87
Checkpoint-1 (45),87
Checkpoint-1 (45),87
Checkpoint-1 (45),87
Checkpoint-1 (46),81
Checkpoint-1 (46),81
Checkpoint-1 (46),80
Checkpoint-1 (46),79
Checkpoint-1 (46),79
Checkpoint-1 (46),79
Checkpoint-1 (46),79
Checkpoint-1 (47),77
Checkpoint-1 (47),75
Checkpoint-1 (48),67
Checkpoint-1 (47),66
Checkpoint-1 (47),66
Checkpoint-1 (48),64
Checkpoint-1 (47),64
Checkpoint-1 (47),63
Checkpoint-1 (47),63
Checkpoint-1 (47),63
Checkpoint-1 (47),63
Checkpoint-1 (48),55
Checkpoint-1 (48),55
Checkpoint-1 (49),53
Checkpoint-1 (48),53
Checkpoint-1 (49),53
Checkpoint-1 (48),52
Checkpoint-1 (48),52
Checkpoint-1 (48),52
Checkpoint-1 (48),52
Checkpoint-1 (49),41
Checkpoint-1 (49),41
Checkpoint-1 (49),38
Checkpoint-1 (49),37
Checkpoint-1 (49),37
Checkpoint-1 (49),37
Checkpoint-1 (49),37
Checkpoint-1 (50),37
Checkpoint-1 (50),37
Checkpoint-1 (49),37
Checkpoint-1 (49),37
Checkpoint-1 (49),37
Checkpoint-1 (49),37
Checkpoint-1 (50),48
Checkpoint-1 (50),48
Checkpoint-1 (50),50
Checkpoint-1 (50),50
Checkpoint-1 (50),50
Checkpoint-1 (50),50
Checkpoint-1 (50),50
Checkpoint-1 (51),52
Checkpoint-1 (51),52
Checkpoint-1 (51),61
Checkpoint-1 (51),61
Checkpoint-1 (52),63
Checkpoint-1 (51),63
Checkpoint-1 (51),63
Checkpoint-1 (51),63
Checkpoint-1 (51),63
Checkpoint-1 (51),63
Checkpoint-1 (52),64
Checkpoint-1 (52),68
Checkpoint-1 (52),68
Checkpoint-1 (52),68
Checkpoint-1 (52),69
Checkpoint-1 (52),69
Checkpoint-1 (52),69
Checkpoint-1 (52),69
Checkpoint-1 (53),69
Checkpoint-1 (53),69
Checkpoint-1 (53),74
Checkpoint-1 (53),74
Checkpoint-1,74
Checkpoint-1,74
Checkpoint-1 (53),75
Checkpoint-1 (53),76
Checkpoint-1 (53),76
Checkpoint-1 (53),76
Checkpoint-1 (53),76
Checkpoint-1,81
Checkpoint-1,81
Checkpoint-1 (1),81
Checkpoint-1 (1),81
Checkpoint-1,82
Checkpoint-1,82
Checkpoint-1,82
Checkpoint-1,82
Checkpoint-1,82
Checkpoint-1 (1),87
Checkpoint-1 (1),87
Checkpoint-1 (2),88
Checkpoint-1 (2),88
Checkpoint-1 (1),89
Checkpoint-1 (1),89
Checkpoint-1 (1),89
Checkpoint-1 (1),89
Checkpoint-1 (1),89
Checkpoint-1 (2),94
Checkpoint-1 (2),94
Checkpoint-1 (3),94
Checkpoint-1 (3),94
Checkpoint-1 (2),95
Checkpoint-1 (2),95
Checkpoint-1 (2),95
Checkpoint-1 (2),95
Checkpoint-1 (2),95
Checkpoint-1 (3),99
Checkpoint-1 (3),99
Checkpoint-1 (4),99
Checkpoint-1 (4),99
Checkpoint-1 (3),100
Checkpoint-1 (3),100
Checkpoint-1 (3),101
Checkpoint-1 (3),101
Checkpoint-1 (3),101
Checkpoint-1 (4),105
Checkpoint-1 (4),105
Checkpoint-1 (5),105
Checkpoint-1 (5),105
Checkpoint-1 (4),105
Checkpoint-1 (4),106
Checkpoint-1 (4),106
Checkpoint-1 (4),106
Checkpoint-1 (4),106
Checkpoint-1 (4),106
Checkpoint-1 (4),106
Checkpoint-1 (4),106
Checkpoint-1 (5),110
Checkpoint-1 (5),110
Checkpoint-1 (6),110
Checkpoint-1 (6),110
Checkpoint-1 (5),111
Checkpoint-1 (5),111
Checkpoint-1 (5),111
Checkpoint-1 (5),111
Checkpoint-1 (5),111
Checkpoint-1 (6),115
Checkpoint-1 (6),115
Checkpoint-1 (7),115
Checkpoint-1 (7),115
Checkpoint-1 (6),116
Checkpoint-1 (6),116
Checkpoint-1 (6),116
Checkpoint-1 (6),116
Checkpoint-1 (6),116
Checkpoint-1 (7),119
Checkpoint-1 (7),119
Checkpoint-1 (8),120
Checkpoint-1 (8),120
Checkpoint-1 (7),120
Checkpoint-1 (7),120
Checkpoint-1 (7),120
Checkpoint-1 (7),120
Checkpoint-1 (7),120
Checkpoint-1 (8),124
Checkpoint-1 (8),124
Checkpoint-1 (9),124
Checkpoint-1 (9),124
Checkpoint-1 (8),125
Checkpoint-1 (8),125
Checkpoint-1 (8),125
Checkpoint-1 (8),125
Checkpoint-1 (8),125
Checkpoint-1 (9),128
Checkpoint-1 (9),128
Checkpoint-1 (10),128
Checkpoint-1 (9),129
Checkpoint-1 (9),129
Checkpoint-1 (9),129
Checkpoint-1 (9),129
Checkpoint-1 (9),129
Checkpoint-1 (10),129
Checkpoint-1 (10),132
Checkpoint-1 (10),132
Checkpoint-1 (11),132
Checkpoint-1 (11),132
Checkpoint-1 (10),133
Checkpoint-1 (10),133
Checkpoint-1 (10),133
Checkpoint-1 (10),133
Checkpoint-1 (10),133
Checkpoint-1 (11),136
Checkpoint-1 (11),136
Checkpoint-1 (12),136
Checkpoint-1 (12),136
Checkpoint-1 (11),137
Checkpoint-1 (11),137
Checkpoint-1 (11),137
Checkpoint-1 (11),137
Checkpoint-1 (11),137
Checkpoint-1 (12),140
Checkpoint-1 (12),140
Checkpoint-1 (13),140
Checkpoint-1 (13),140
Checkpoint-1 (12),140
Checkpoint-1 (12),141
Checkpoint-1 (12),141
Checkpoint-1 (12),141
Checkpoint-1 (12),141
Checkpoint-1 (13),144
Checkpoint-1 (13),144
Checkpoint-1 (14),144
Checkpoint-1 (14),144
Checkpoint-1 (13),144
Checkpoint-1 (13),144
Checkpoint-1 (13),144
Checkpoint-1 (13),144
Checkpoint-1 (13),144
Checkpoint-1 (14),147
Checkpoint-1 (14),147
Checkpoint-1 (15),148
Checkpoint-1 (15),148
Checkpoint-1 (14),148
Checkpoint-1 (14),148
Checkpoint-1 (14),148
Checkpoint-1 (14),148
Checkpoint-1 (14),148
Checkpoint-1 (15),147
Checkpoint-1 (15),147
Checkpoint-1 (16),147
Checkpoint-1 (16),147
Checkpoint-1 (15),146
Checkpoint-1 (15),146
Checkpoint-1 (15),146
Checkpoint-1 (15),146
Checkpoint-1 (16),142
Checkpoint-1 (16),142
Checkpoint-1 (17),142
Checkpoint-1 (17),142
Checkpoint-1 (16),142
Checkpoint-1 (16),141
Checkpoint-1 (16),141
Checkpoint-1 (16),141
Checkpoint-1 (16),141
Checkpoint-1 (17),138
Checkpoint-1 (17),138
Checkpoint-1 (18),138
Checkpoint-1 (18),138
Checkpoint-1 (17),137
Checkpoint-1 (17),137
Checkpoint-1 (17),137
Checkpoint-1 (17),137
Checkpoint-1 (17),137
Checkpoint-1 (18),133
Checkpoint-1 (18),133
Checkpoint-1 (19),133
Checkpoint-1 (19),133
Checkpoint-1 (18),133
Checkpoint-1 (18),132
Checkpoint-1 (18),132
Checkpoint-1 (18),132
Checkpoint-1 (18),132
Checkpoint-1 (19),128
Checkpoint-1 (19),128
Checkpoint-1 (19),127
Checkpoint-1 (19),126
Checkpoint-1 (19),126
Checkpoint-1 (19),126
Checkpoint-1 (19),126
Checkpoint-1 (20),126
Checkpoint-1 (20),122
Checkpoint-1 (20),107
Checkpoint-1 (20),106
Checkpoint-1 (20),103
Checkpoint-1 (21),103
Checkpoint-1 (20),102
Checkpoint-1 (20),102
Checkpoint-1 (20),102
Checkpoint-1 (20),101
Checkpoint-1 (21),9
Checkpoint-1 (21),12
Checkpoint-1 (20),18
Checkpoint-1 (20),19
Checkpoint-1 (21),19
Checkpoint-1 (21),22
Checkpoint-1 (21),30
Checkpoint-1 (21),30
Checkpoint-1 (21),33
Checkpoint-1 (21),34
Checkpoint-1 (21),35
Checkpoint-1 (21),34
Checkpoint-1 (21),34
Checkpoint-1 (22),36
Checkpoint-1 (22),39
Checkpoint-1 (22),49
Checkpoint-1 (22),49
Checkpoint-1 (22),51
Checkpoint-1 (22),51
Checkpoint-1 (22),51
Checkpoint-1 (22),51
Checkpoint-1 (23),51
Checkpoint-1 (22),51
Checkpoint-1 (23),52
Checkpoint-1 (23),61
Checkpoint-1 (23),61
Checkpoint-1 (24),62
Checkpoint-1 (24),63
Checkpoint-1 (23),63
Checkpoint-1 (23),63
Checkpoint-1 (23),63
Checkpoint-1 (23),63
Checkpoint-1 (23),63
Checkpoint-1 (25),70
Checkpoint-1 (24),71
Checkpoint-1 (24),71
Checkpoint-1 (25),71
Checkpoint-1 (24),72
Checkpoint-1 (24),72
Checkpoint-1 (24),72
Checkpoint-1 (24),72
Checkpoint-1 (24),72
Checkpoint-1 (25),75
Checkpoint-1 (25),75
Checkpoint-1 (25),74
Checkpoint-1 (25),74
Checkpoint-1 (25),74
Checkpoint-1 (25),74
Checkpoint-1 (25),74
Checkpoint-1 (26),74
Checkpoint-1 (26),73
Checkpoint-1 (26),73
Checkpoint-1 (26),73
Checkpoint-1 (27),73
Checkpoint-1 (27),73
Checkpoint-1 (26),74
Checkpoint-1 (26),74
Checkpoint-1 (26),74
Checkpoint-1 (26),74
Checkpoint-1 (26),74
Checkpoint-1 (27),76
Checkpoint-1 (27),79
Checkpoint-1 (27),79
Checkpoint-1 (28),80
Checkpoint-1 (28),80
Checkpoint-1 (27),81
Checkpoint-1 (27),81
Checkpoint-1 (27),81
Checkpoint-1 (27),81
Checkpoint-1 (27),81
Checkpoint-1 (28),86
Checkpoint-1 (28),86
Checkpoint-1 (29),86
Checkpoint-1 (28),87
Checkpoint-1 (28),87
Checkpoint-1 (28),87
Checkpoint-1 (28),87
Checkpoint-1 (28),87
Checkpoint-1 (29),89
Checkpoint-1 (29),92
Checkpoint-1 (29),92
Checkpoint-1 (30),92
Checkpoint-1 (30),93
Checkpoint-1 (29),93
Checkpoint-1 (29),93
Checkpoint-1 (29),93
Checkpoint-1 (29),93
Checkpoint-1 (29),93
Checkpoint-1 (29),93
Checkpoint-1 (29),93
Checkpoint-1 (30),97
Checkpoint-1 (30),97
Checkpoint-1 (31),97
Checkpoint-1 (30),98
Checkpoint-1 (30),98
Checkpoint-1 (30),98
Checkpoint-1 (30),98
Checkpoint-1 (30),98
Checkpoint-1 (31),100
Checkpoint-1 (31),102
Checkpoint-1 (31),102
Checkpoint-1 (32),102
Checkpoint-1 (32),102
Checkpoint-1 (31),103
Checkpoint-1 (31),103
Checkpoint-1 (31),103
Checkpoint-1 (31),103
Checkpoint-1 (31),103
Checkpoint-1 (32),107
Checkpoint-1 (32),107
Checkpoint-1 (33),107
Checkpoint-1 (33),107
Checkpoint-1 (32),108
Checkpoint-1 (32),108
Checkpoint-1 (32),108
Checkpoint-1 (32),108
Checkpoint-1 (32),108
Checkpoint-1 (32),108
Checkpoint-1 (33),110
Checkpoint-1 (33),112
Checkpoint-1 (33),112
Checkpoint-1 (34),112
Checkpoint-1 (34),112
Checkpoint-1 (33),112
Checkpoint-1 (33),113
Checkpoint-1 (33),113
Checkpoint-1 (33),113
Checkpoint-1 (33),113
Checkpoint-1 (34),116
Checkpoint-1 (34),116
Checkpoint-1 (35),116
Checkpoint-1 (35),116
Checkpoint-1 (34),116
Checkpoint-1 (34),116
Checkpoint-1 (34),116
Checkpoint-1 (34),116
Checkpoint-1 (34),116
Checkpoint-1 (35),119
Checkpoint-1 (35),119
Checkpoint-1 (36),119
Checkpoint-1 (36),119
Checkpoint-1 (35),119
Checkpoint-1 (35),120
Checkpoint-1 (35),120
Checkpoint-1 (35),120
Checkpoint-1 (35),120
Checkpoint-1 (35),120
Checkpoint-1 (35),120
Checkpoint-1 (35),120
Checkpoint-1 (35),120
Checkpoint-1 (35),120
Checkpoint-1 (36),123
Checkpoint-1 (36),123
Checkpoint-1 (37),123
Checkpoint-1 (37),123
Checkpoint-1 (36),124
Checkpoint-1 (36),124
Checkpoint-1 (36),124
Checkpoint-1 (36),124
Checkpoint-1 (36),124
Checkpoint-1 (37),127
Checkpoint-1 (37),127
Checkpoint-1 (38),127
Checkpoint-1 (38),128
Checkpoint-1 (37),128
Checkpoint-1 (37),128
Checkpoint-1 (37),128
Checkpoint-1 (37),128
Checkpoint-1 (37),128
Checkpoint-1 (37),128
Checkpoint-1 (37),128
Checkpoint-1 (38),132
Checkpoint-1 (38),132
Checkpoint-1 (39),132
Checkpoint-1 (39),132
Checkpoint-1 (38),132
Checkpoint-1 (38),133
Checkpoint-1 (38),133
Checkpoint-1 (38),133
Checkpoint-1 (38),133
Checkpoint-1 (39),136
Checkpoint-1 (39),136
Checkpoint-1 (40),136
Checkpoint-1 (40),136
Checkpoint-1 (39),136
Checkpoint-1 (39),137
Checkpoint-1 (39),137
Checkpoint-1 (39),137
Checkpoint-1 (39),137
Checkpoint-1 (40),140
Checkpoint-1 (40),140
Checkpoint-1 (41),140
Checkpoint-1 (41),140
Checkpoint-1 (40),140
Checkpoint-1 (40),141
Checkpoint-1 (40),141
Checkpoint-1 (40),141
Checkpoint-1 (40),141
Checkpoint-1 (41),144
Checkpoint-1 (41),144
Checkpoint-1 (42),144
Checkpoint-1 (42),144
Checkpoint-1 (41),144
Checkpoint-1 (41),144
Checkpoint-1 (41),144
Checkpoint-1 (41),144
Checkpoint-1 (41),144
Checkpoint-1 (43),141
Checkpoint-1 (42),141
Checkpoint-1 (42),141
Checkpoint-1 (43),140
Checkpoint-1 (42),140
Checkpoint-1 (42),139
Checkpoint-1 (42),139
Checkpoint-1 (42),139
Checkpoint-1 (42),139
Checkpoint-1 (43),136
Checkpoint-1 (43),136
Checkpoint-1 (44),136
Checkpoint-1 (44),136
Checkpoint-1 (43),135
Checkpoint-1 (43),135
Checkpoint-1 (43),135
Checkpoint-1 (43),135
Checkpoint-1 (43),135
Checkpoint-1 (43),135
Checkpoint-1 (43),135
Checkpoint-1 (43),135
Checkpoint-1 (43),135
Checkpoint-1 (44),132
Checkpoint-1 (44),131
Checkpoint-1 (45),131
Checkpoint-1 (45),131
Checkpoint-1 (44),131
Checkpoint-1 (44),130
Checkpoint-1 (44),130
Checkpoint-1 (44),130
Checkpoint-1 (44),130
Checkpoint-1 (45),127
Checkpoint-1 (45),127
Checkpoint-1 (46),127
Checkpoint-1 (46),126
Checkpoint-1 (45),126
Checkpoint-1 (45),126
Checkpoint-1 (45),126
Checkpoint-1 (45),126
Checkpoint-1 (45),126
Checkpoint-1 (45),125
Checkpoint-1 (45),125
Checkpoint-1 (46),122
Checkpoint-1 (46),122
Checkpoint-1 (46),121
Checkpoint-1 (46),120
Checkpoint-1 (46),120
Checkpoint-1 (46),120
Checkpoint-1 (46),120
Checkpoint-1 (47),118
Checkpoint-1 (47),115
Checkpoint-1 (48),104
Checkpoint-1 (47),102
Checkpoint-1 (47),102
Checkpoint-1 (47),98
Checkpoint-1 (47),97
Checkpoint-1 (47),97
Checkpoint-1 (47),97
Checkpoint-1 (47),97
Checkpoint-1 (48),97
Checkpoint-1 (48),86
Checkpoint-1 (48),85
Checkpoint-1 (49),82
Checkpoint-1 (48),82
Checkpoint-1 (48),81
Checkpoint-1 (49),81
Checkpoint-1 (48),81
Checkpoint-1 (48),81
Checkpoint-1 (48),81
Checkpoint-1 (49),70
Checkpoint-1 (49),67
Checkpoint-1 (49),67
Checkpoint-1 (49),65
Checkpoint-1 (50),65
Checkpoint-1 (49),64
Checkpoint-1 (49),64
Checkpoint-1 (49),64
Checkpoint-1 (49),64
Checkpoint-1 (50),64
Checkpoint-1 (49),64
Checkpoint-1 (49),64
Checkpoint-1 (49),64
Checkpoint-1 (50),54
Checkpoint-1 (50),54
Checkpoint-1 (50),52
Checkpoint-1 (50),52
Checkpoint-1 (50),52
Checkpoint-1 (50),52
Checkpoint-1 (50),52
Checkpoint-1 (51),51
Checkpoint-1 (51),50
Checkpoint-1 (51),57
Checkpoint-1 (51),57
Checkpoint-1 (52),58
Checkpoint-1 (51),59
Checkpoint-1 (51),60
Checkpoint-1 (51),60
Checkpoint-1 (51),60
Checkpoint-1 (51),60
Checkpoint-1 (52),60
Checkpoint-1 (51),60
Checkpoint-1 (51),60
Checkpoint-1 (51),60
Checkpoint-1 (52),65
Checkpoint-1 (52),65
Checkpoint-1 (52),66
Checkpoint-1 (52),66
Checkpoint-1 (52),66
Checkpoint-1 (52),66
Checkpoint-1 (52),66
Checkpoint-1 (53),67
Checkpoint-1 (53),67
Checkpoint-1 (53),72
Checkpoint-1 (53),72
Checkpoint-1,72
Checkpoint-1 (53),73
Checkpoint-1,74
Checkpoint-1 (53),74
Checkpoint-1 (53),74
Checkpoint-1 (53),74
Checkpoint-1 (53),74
Checkpoint-1,79
Checkpoint-1 (1),79
Checkpoint-1,79
Checkpoint-1 (1),79
Checkpoint-1,80
Checkpoint-1,81
Checkpoint-1,81
Checkpoint-1,81
Checkpoint-1,81
Checkpoint-1 (1),85
Checkpoint-1 (1),85
Checkpoint-1 (2),86
Checkpoint-1 (2),86
Checkpoint-1 (1),87
Checkpoint-1 (1),87
Checkpoint-1 (1),87
Checkpoint-1 (1),87
Checkpoint-1 (1),87
Checkpoint-1 (2),92
Checkpoint-1 (2),92
Checkpoint-1 (3),92
Checkpoint-1 (3),92
Checkpoint-1 (2),93
Checkpoint-1 (2),93
Checkpoint-1 (2),93
Checkpoint-1 (2),93
Checkpoint-1 (2),93
Checkpoint-1 (2),93
Checkpoint-1 (2),93
Checkpoint-1 (2),93
Checkpoint-1 (2),93
Checkpoint-1 (3),98
Checkpoint-1 (3),98
Checkpoint-1 (4),98
Checkpoint-1 (4),98
Checkpoint-1 (3),99
Checkpoint-1 (3),99
Checkpoint-1 (3),99
Checkpoint-1 (3),99
Checkpoint-1 (3),99
Checkpoint-1 (3),99
Checkpoint-1 (4),103
Checkpoint-1 (4),103
Checkpoint-1 (5),103
Checkpoint-1 (5),103
Checkpoint-1 (4),104
Checkpoint-1 (4),104
Checkpoint-1 (4),104
Checkpoint-1 (4),104
Checkpoint-1 (4),104
Checkpoint-1 (4),105
Checkpoint-1 (5),108
Checkpoint-1 (6),108
Checkpoint-1 (5),108
Checkpoint-1 (6),109
Checkpoint-1 (5),109
Checkpoint-1 (5),110
Checkpoint-1 (5),110
Checkpoint-1 (5),110
Checkpoint-1 (5),110
Checkpoint-1 (6),113
Checkpoint-1 (6),113
Checkpoint-1 (7),114
Checkpoint-1 (7),114
Checkpoint-1 (6),114
Checkpoint-1 (6),115
Checkpoint-1 (6),115
Checkpoint-1 (6),115
Checkpoint-1 (6),115
Checkpoint-1 (7),118
Checkpoint-1 (7),118
Checkpoint-1 (8),118
Checkpoint-1 (8),119
Checkpoint-1 (7),119
Checkpoint-1 (7),119
Checkpoint-1 (7),119
Checkpoint-1 (7),119
Checkpoint-1 (7),119
Checkpoint-1 (8),123
Checkpoint-1 (9),123
Checkpoint-1 (8),123
Checkpoint-1 (9),123
Checkpoint-1 (8),124
Checkpoint-1 (8),124
Checkpoint-1 (8),124
Checkpoint-1 (8),124
Checkpoint-1 (8),124
Checkpoint-1 (10),127
Checkpoint-1 (9),127
Checkpoint-1 (9),127
Checkpoint-1 (10),128
Checkpoint-1 (9),128
Checkpoint-1 (9),128
Checkpoint-1 (9),128
Checkpoint-1 (9),128
Checkpoint-1 (9),128
Checkpoint-1 (10),132
Checkpoint-1 (11),132
Checkpoint-1 (10),132
Checkpoint-1 (11),132
Checkpoint-1 (10),132
Checkpoint-1 (10),133
Checkpoint-1 (10),133
Checkpoint-1 (10),133
Checkpoint-1 (10),133
Checkpoint-1 (11),130
Checkpoint-1 (12),130
Checkpoint-1 (11),130
Checkpoint-1 (12),130
Checkpoint-1 (11),129
Checkpoint-1 (11),129
Checkpoint-1 (11),129
Checkpoint-1 (11),129
Checkpoint-1 (11),129
Checkpoint-1 (12),125
Checkpoint-1 (12),125
Checkpoint-1 (13),125
Checkpoint-1 (13),125
Checkpoint-1 (12),124
Checkpoint-1 (12),124
Checkpoint-1 (12),124
Checkpoint-1 (12),124
Checkpoint-1 (12),124
Checkpoint-1 (14),120
Checkpoint-1 (13),120
Checkpoint-1 (13),120
Checkpoint-1 (14),120
Checkpoint-1 (13),119
Checkpoint-1 (13),119
Checkpoint-1 (13),119
Checkpoint-1 (13),119
Checkpoint-1 (13),119
Checkpoint-1 (14),115
Checkpoint-1 (15),115
Checkpoint-1 (14),115
Checkpoint-1 (15),115
Checkpoint-1 (14),114
Checkpoint-1 (14),114
Checkpoint-1 (14),114
Checkpoint-1 (14),114
Checkpoint-1 (14),114
Checkpoint-1 (15),110
Checkpoint-1 (15),110
Checkpoint-1 (16),109
Checkpoint-1 (16),109
Checkpoint-1 (15),109
Checkpoint-1 (15),108
Checkpoint-1 (15),108
Checkpoint-1 (15),108
Checkpoint-1 (15),108
Checkpoint-1 (16),104
Checkpoint-1 (16),104
Checkpoint-1 (17),104
Checkpoint-1 (17),104
Checkpoint-1 (16),103
Checkpoint-1 (16),102
Checkpoint-1 (16),102
Checkpoint-1 (16),102
Checkpoint-1 (16),102
Checkpoint-1 (16),102
Checkpoint-1 (16),102
Checkpoint-1 (16),102
Checkpoint-1 (16),102
Checkpoint-1 (16),102
Checkpoint-1 (17),98
Checkpoint-1 (17),98
Checkpoint-1 (18),98
Checkpoint-1 (18),97
Checkpoint-1 (17),97
Checkpoint-1 (17),96
Checkpoint-1 (17),96
Checkpoint-1 (17),96
Checkpoint-1 (17),96
Checkpoint-1 (18),91
Checkpoint-1 (18),91
Checkpoint-1 (19),91
Checkpoint-1 (19),91
Checkpoint-1 (18),90
Checkpoint-1 (18),90
Checkpoint-1 (18),90
Checkpoint-1 (18),90
Checkpoint-1 (18),90
Checkpoint-1 (19),84
Checkpoint-1 (19),84
Checkpoint-1 (19),83
Checkpoint-1 (20),83
Checkpoint-1 (19),82
Checkpoint-1 (19),82
Checkpoint-1 (19),82
Checkpoint-1 (19),82
Checkpoint-1 (19),81
Checkpoint-1 (19),81
Checkpoint-1 (19),81
Checkpoint-1 (19),81
Checkpoint-1 (20),81
Checkpoint-1 (20),72
Checkpoint-1 (20),72
Checkpoint-1 (21),71
Checkpoint-1 (20),70
Checkpoint-1 (20),69
Checkpoint-1 (20),69
Checkpoint-1 (20),69
Checkpoint-1 (20),69
Checkpoint-1 (20),69
Checkpoint-1 (21),68
Checkpoint-1 (21),60
Checkpoint-1 (21),59
Checkpoint-1 (21),57
Checkpoint-1 (21),57
Checkpoint-1 (21),57
Checkpoint-1 (21),57
Checkpoint-1 (21),57
Checkpoint-1 (22),56
Checkpoint-1 (22),55
Checkpoint-1 (22),44
Checkpoint-1 (22),44
Checkpoint-1 (22),41
Checkpoint-1 (23),41
Checkpoint-1 (22),41
Checkpoint-1 (22),41
Checkpoint-1 (22),41
Checkpoint-1 (23),41
Checkpoint-1 (22),41
Checkpoint-1 (22),40
Checkpoint-1 (23),48
Checkpoint-1 (23),48
Checkpoint-1 (24),50
Checkpoint-1 (24),50
Checkpoint-1 (23),50
Checkpoint-1 (23),51
Checkpoint-1 (23),51
Checkpoint-1 (23),51
Checkpoint-1 (23),51
Checkpoint-1 (23),52
Checkpoint-1 (23),52
Checkpoint-1 (23),52
Checkpoint-1 (23),52
Checkpoint-1 (25),59
Checkpoint-1 (24),60
Checkpoint-1 (24),60
Checkpoint-1 (25),61
Checkpoint-1 (24),62
Checkpoint-1 (24),62
Checkpoint-1 (24),62
Checkpoint-1 (24),62
Checkpoint-1 (24),62
Checkpoint-1 (24),63
Checkpoint-1 (24),63
Checkpoint-1 (24),63
Checkpoint-1 (25),66
Checkpoint-1 (25),66
Checkpoint-1 (25),67
Checkpoint-1 (26),67
Checkpoint-1 (25),67
Checkpoint-1 (25),67
Checkpoint-1 (25),67
Checkpoint-1 (25),67
Checkpoint-1 (26),67
Checkpoint-1 (26),70
Checkpoint-1 (26),70
Checkpoint-1 (27),70
Checkpoint-1 (27),70
Checkpoint-1 (26),71
Checkpoint-1 (26),72
Checkpoint-1 (26),72
Checkpoint-1 (26),72
Checkpoint-1 (26),72
Checkpoint-1 (27),77
Checkpoint-1 (27),77
Checkpoint-1 (28),77
Checkpoint-1 (28),78
Checkpoint-1 (27),79
Checkpoint-1 (27),79
Checkpoint-1 (27),79
Checkpoint-1 (27),79
Checkpoint-1 (27),79
Checkpoint-1 (28),84
Checkpoint-1 (28),84
Checkpoint-1 (29),84
Checkpoint-1 (29),84
Checkpoint-1 (28),85
Checkpoint-1 (28),85
Checkpoint-1 (28),86
Checkpoint-1 (28),86
Checkpoint-1 (28),86
Checkpoint-1 (29),90
Checkpoint-1 (29),90
Checkpoint-1 (30),91
Checkpoint-1 (30),91
Checkpoint-1 (29),91
Checkpoint-1 (29),92
Checkpoint-1 (29),92
Checkpoint-1 (29),92
Checkpoint-1 (29),92
Checkpoint-1 (30),96
Checkpoint-1 (30),96
Checkpoint-1 (31),97
Checkpoint-1 (31),97
Checkpoint-1 (30),97
Checkpoint-1 (30),98
Checkpoint-1 (30),98
Checkpoint-1 (30),98
Checkpoint-1 (30),98
Checkpoint-1 (31),102
Checkpoint-1 (31),102
Checkpoint-1 (32),102
Checkpoint-1 (32),102
Checkpoint-1 (31),103
Checkpoint-1 (31),103
Checkpoint-1 (31),103
Checkpoint-1 (31),103
Checkpoint-1 (31),103
Checkpoint-1 (32),107
Checkpoint-1 (32),107
Checkpoint-1 (33),108
Checkpoint-1 (33),108
Checkpoint-1 (32),108
Checkpoint-1 (32),109
Checkpoint-1 (32),109
Checkpoint-1 (32),109
Checkpoint-1 (32),109
Checkpoint-1 (32),109
Checkpoint-1 (32),109
Checkpoint-1 (32),109
Checkpoint-1 (33),112
Checkpoint-1 (33),112
Checkpoint-1 (34),113
Checkpoint-1 (34),113
Checkpoint-1 (33),113
Checkpoint-1 (33),114
Checkpoint-1 (33),114
Checkpoint-1 (33),114
Checkpoint-1 (33),114
Checkpoint-1 (34),117
Checkpoint-1 (34),117
Checkpoint-1 (35),118
Checkpoint-1 (35),118
Checkpoint-1 (34),118
Checkpoint-1 (34),118
Checkpoint-1 (34),118
Checkpoint-1 (34),118
Checkpoint-1 (34),118
Checkpoint-1 (35),122
Checkpoint-1 (35),122
Checkpoint-1 (36),122
Checkpoint-1 (36),122
Checkpoint-1 (35),123
Checkpoint-1 (35),123
Checkpoint-1 (35),123
Checkpoint-1 (35),123
Checkpoint-1 (35),123
Checkpoint-1 (36),127
Checkpoint-1 (36),127
Checkpoint-1 (37),127
Checkpoint-1 (37),127
Checkpoint-1 (36),127
Checkpoint-1 (36),128
Checkpoint-1 (36),128
Checkpoint-1 (36),128
Checkpoint-1 (36),128
Checkpoint-1 (37),131
Checkpoint-1 (37),131
Checkpoint-1 (38),131
Checkpoint-1 (38),131
Checkpoint-1 (37),132
Checkpoint-1 (37),132
Checkpoint-1 (37),132
Checkpoint-1 (37),132
Checkpoint-1 (38),135
Checkpoint-1 (38),135
Checkpoint-1 (39),135
Checkpoint-1 (39),135
Checkpoint-1 (38),136
Checkpoint-1 (38),136
Checkpoint-1 (38),136
Checkpoint-1 (38),136
Checkpoint-1 (38),136
Checkpoint-1 (39),139
Checkpoint-1 (39),139
Checkpoint-1 (40),139
Checkpoint-1 (40),139
Checkpoint-1 (39),140
Checkpoint-1 (39),140
Checkpoint-1 (39),140
Checkpoint-1 (39),140
Checkpoint-1 (39),140
Checkpoint-1 (40),142
Checkpoint-1 (40),142
Checkpoint-1 (41),142
Checkpoint-1 (41),142
Checkpoint-1 (40),141
Checkpoint-1 (40),141
Checkpoint-1 (40),141
Checkpoint-1 (40),141
Checkpoint-1 (40),141
Checkpoint-1 (41),137
Checkpoint-1 (41),137
Checkpoint-1 (42),137
Checkpoint-1 (42),137
Checkpoint-1 (41),137
Checkpoint-1 (41),136
Checkpoint-1 (41),136
Checkpoint-1 (41),136
Checkpoint-1 (41),136
Checkpoint-1 (42),133
Checkpoint-1 (42),133
Checkpoint-1 (43),133
Checkpoint-1 (43),133
Checkpoint-1 (42),132
Checkpoint-1 (42),132
Checkpoint-1 (42),132
Checkpoint-1 (42),132
Checkpoint-1 (42),132
Checkpoint-1 (43),128
Checkpoint-1 (43),128
Checkpoint-1 (44),128
Checkpoint-1 (44),127
Checkpoint-1 (43),127
Checkpoint-1 (43),127
Checkpoint-1 (43),127
Checkpoint-1 (43),127
Checkpoint-1 (43),127
Checkpoint-1 (43),126
Checkpoint-1 (43),126
Checkpoint-1 (43),126
Checkpoint-1 (44),122
Checkpoint-1 (44),122
Checkpoint-1 (45),122
Checkpoint-1 (44),121
Checkpoint-1 (44),120
Checkpoint-1 (44),120
Checkpoint-1 (44),120
Checkpoint-1 (44),120
Checkpoint-1 (44),120
Checkpoint-1 (44),120
Checkpoint-1 (44),120
Checkpoint-1 (45),119
Checkpoint-1 (45),116
Checkpoint-1 (45),116
Checkpoint-1 (46),115
Checkpoint-1 (46),115
Checkpoint-1 (45),114
Checkpoint-1 (45),114
Checkpoint-1 (45),114
Checkpoint-1 (45),114
Checkpoint-1 (45),114
Checkpoint-1 (46),108
Checkpoint-1 (46),108
Checkpoint-1 (46),107
Checkpoint-1 (46),106
Checkpoint-1 (46),106
Checkpoint-1 (46),106
Checkpoint-1 (46),106
Checkpoint-1 (47),106
Checkpoint-1 (47),104
Checkpoint-1 (48),97
Checkpoint-1 (47),97
Checkpoint-1 (47),97
Checkpoint-1 (47),94
Checkpoint-1 (47),93
Checkpoint-1 (47),93
Checkpoint-1 (47),93
Checkpoint-1 (47),93
Checkpoint-1 (48),89
Checkpoint-1 (48),80
Checkpoint-1 (48),79
Checkpoint-1 (48),75
Checkpoint-1 (49),75
Checkpoint-1 (48),74
Checkpoint-1 (48),74
Checkpoint-1 (48),74
Checkpoint-1 (48),74
Checkpoint-1 (49),74
Checkpoint-1 (49),62
Checkpoint-1 (49),62
Checkpoint-1 (49),60
Checkpoint-1 (49),60
Checkpoint-1 (49),60
Checkpoint-1 (49),60
Checkpoint-1 (49),60
Checkpoint-1 (50),59
Checkpoint-1 (50),58
Checkpoint-1 (50),49
Checkpoint-1 (50),48
Checkpoint-1 (50),46
Checkpoint-1 (50),45
Checkpoint-1 (50),45
Checkpoint-1 (50),45
Checkpoint-1 (50),45
Checkpoint-1 (51),44
Checkpoint-1 (51),44
Checkpoint-1 (52),50
Checkpoint-1 (51),51
Checkpoint-1 (51),51
Checkpoint-1 (51),53
Checkpoint-1 (52),53
Checkpoint-1 (51),53
Checkpoint-1 (51),54
Checkpoint-1 (51),54
Checkpoint-1 (51),54
Checkpoint-1 (52),59
Checkpoint-1 (52),59
Checkpoint-1 (52),61
Checkpoint-1 (52),61
Checkpoint-1 (52),61
Checkpoint-1 (52),61
Checkpoint-1 (52),61
Checkpoint-1 (52),61
Checkpoint-1 (52),61
Checkpoint-1 (52),61
Checkpoint-1 (52),61
Checkpoint-1 (53),62
Checkpoint-1 (53),63
Checkpoint-1 (53),67
Checkpoint-1 (53),67
