Checkpoint-1,0
Checkpoint-1,0
Checkpoint-1,0
Checkpoint-1,0
Checkpoint-1,0
Checkpoint-1,0
Checkpoint-1,0
Checkpoint-1,24
Checkpoint-1,24
Checkpoint-1 (1),25
Checkpoint-1 (1),27
Checkpoint-1,28
Checkpoint-1,29
Checkpoint-1,29
Checkpoint-1,29
Checkpoint-1,29
Checkpoint-1,30
Checkpoint-1,30
Checkpoint-1 (1),31
Checkpoint-1 (1),32
Checkpoint-1 (1),41
Checkpoint-1 (1),41
Checkpoint-1 (2),42
Checkpoint-1 (2),42
Checkpoint-1 (1),44
Checkpoint-1 (1),44
Checkpoint-1 (1),45
Checkpoint-1 (1),45
Checkpoint-1 (1),45
Checkpoint-1 (1),45
Checkpoint-1 (1),45
Checkpoint-1 (1),45
Checkpoint-1 (2),53
Checkpoint-1 (2),53
Checkpoint-1 (3),54
Checkpoint-1 (3),54
Checkpoint-1 (2),55
Checkpoint-1 (2),56
Checkpoint-1 (2),56
Checkpoint-1 (2),56
Checkpoint-1 (2),56
Checkpoint-1 (3),63
Checkpoint-1 (3),63
Checkpoint-1 (4),63
Checkpoint-1 (4),64
Checkpoint-1 (3),65
Checkpoint-1 (3),65
Checkpoint-1 (3),65
Checkpoint-1 (3),65
Checkpoint-1 (3),65
Checkpoint-1 (4),72
Checkpoint-1 (4),72
Checkpoint-1 (5),72
Checkpoint-1 (4),73
Checkpoint-1 (5),73
Checkpoint-1 (4),73
Checkpoint-1 (4),73
Checkpoint-1 (4),73
Checkpoint-1 (4),74
Checkpoint-1 (5),79
Checkpoint-1 (5),79
Checkpoint-1 (6),79
Checkpoint-1 (6),80
Checkpoint-1 (5),80
Checkpoint-1 (5),81
Checkpoint-1 (5),81
Checkpoint-1 (5),81
Checkpoint-1 (5),81
Checkpoint-1 (5),81
Checkpoint-1 (5),81
Checkpoint-1 (6),86
Checkpoint-1 (6),86
Checkpoint-1 (7),86
Checkpoint-1 (6),87
Checkpoint-1 (6),87
Checkpoint-1 (6),87
Checkpoint-1 (6),88
Checkpoint-1 (6),88
Checkpoint-1 (7),88
Checkpoint-1 (7),92
Checkpoint-1 (7),92
Checkpoint-1 (8),92
Checkpoint-1 (8),92
Checkpoint-1 (7),93
Checkpoint-1 (7),94
Checkpoint-1 (7),94
Checkpoint-1 (7),94
Checkpoint-1 (7),94
Checkpoint-1 (8),98
Checkpoint-1 (8),98
Checkpoint-1 (9),98
Checkpoint-1 (8),99
Checkpoint-1 (8),99
Checkpoint-1 (8),99
Checkpoint-1 (8),99
Checkpoint-1 (8),99
Checkpoint-1 (8),100
Checkpoint-1 (9),100
Checkpoint-1 (9),104
Checkpoint-1 (9),104
Checkpoint-1 (10),104
Checkpoint-1 (9),105
Checkpoint-1 (9),105
Checkpoint-1 (9),105
Checkpoint-1 (9),105
Checkpoint-1 (9),105
Checkpoint-1 (10),106
Checkpoint-1 (10),109
Checkpoint-1 (10),109
Checkpoint-1 (11),109
Checkpoint-1 (10),110
Checkpoint-1 (10),110
Checkpoint-1 (10),110
Checkpoint-1 (10),110
Checkpoint-1 (10),110
Checkpoint-1 (10),110
Checkpoint-1 (11),112
Checkpoint-1 (11),114
Checkpoint-1 (11),114
Checkpoint-1 (12),114
Checkpoint-1 (11),115
Checkpoint-1 (11),115
Checkpoint-1 (11),115
Checkpoint-1 (11),115
Checkpoint-1 (11),115
Checkpoint-1 (11),115
Checkpoint-1 (11),115
Checkpoint-1 (12),116
Checkpoint-1 (12),119
Checkpoint-1 (12),119
Checkpoint-1 (13),119
Checkpoint-1 (12),119
Checkpoint-1 (12),120
Checkpoint-1 (12),120
Checkpoint-1 (12),120
Checkpoint-1 (12),120
Checkpoint-1 (12),120
Checkpoint-1 (12),120
Checkpoint-1 (13),122
Checkpoint-1 (13),123
Checkpoint-1 (13),123
Checkpoint-1 (14),123
Checkpoint-1 (13),124
Checkpoint-1 (13),124
Checkpoint-1 (13),124
Checkpoint-1 (13),124
Checkpoint-1 (13),124
Checkpoint-1 (14),126
Checkpoint-1 (14),127
Checkpoint-1 (14),127
Checkpoint-1 (15),127
Checkpoint-1 (14),126
Checkpoint-1 (14),126
Checkpoint-1 (14),126
Checkpoint-1 (14),126
Checkpoint-1 (14),126
Checkpoint-1 (14),126
Checkpoint-1 (14),126
Checkpoint-1 (14),126
Checkpoint-1 (14),126
Checkpoint-1 (14),126
Checkpoint-1 (15),125
Checkpoint-1 (15),122
Checkpoint-1 (15),122
Checkpoint-1 (16),122
Checkpoint-1 (16),122
Checkpoint-1 (15),121
Checkpoint-1 (15),121
Checkpoint-1 (15),121
Checkpoint-1 (15),121
Checkpoint-1 (15),121
Checkpoint-1 (16),117
Checkpoint-1 (16),117
Checkpoint-1 (17),117
Checkpoint-1 (16),116
Checkpoint-1 (16),116
Checkpoint-1 (16),116
Checkpoint-1 (16),116
Checkpoint-1 (16),116
Checkpoint-1 (17),114
Checkpoint-1 (17),111
Checkpoint-1 (17),111
Checkpoint-1 (18),111
Checkpoint-1 (17),110
Checkpoint-1 (17),110
Checkpoint-1 (17),110
Checkpoint-1 (17),110
Checkpoint-1 (17),110
Checkpoint-1 (18),109
Checkpoint-1 (18),106
Checkpoint-1 (18),106
Checkpoint-1 (19),105
Checkpoint-1 (18),105
Checkpoint-1 (18),104
Checkpoint-1 (18),104
Checkpoint-1 (18),104
Checkpoint-1 (18),104
Checkpoint-1 (19),104
Checkpoint-1 (19),100
Checkpoint-1 (19),99
Checkpoint-1 (19),98
Checkpoint-1 (19),98
Checkpoint-1 (19),97
Checkpoint-1 (19),97
Checkpoint-1 (19),97
Checkpoint-1 (19),97
Checkpoint-1 (19),97
Checkpoint-1 (19),97
Checkpoint-1 (20),95
Checkpoint-1 (20),91
Checkpoint-1 (20),85
Checkpoint-1 (20),85
Checkpoint-1 (20),83
Checkpoint-1 (20),83
Checkpoint-1 (20),83
Checkpoint-1 (20),83
Checkpoint-1 (20),83
Checkpoint-1 (21),81
Checkpoint-1 (21),78
Checkpoint-1 (21),74
Checkpoint-1 (21),74
Checkpoint-1 (21),73
Checkpoint-1 (21),72
Checkpoint-1 (21),72
Checkpoint-1 (21),72
Checkpoint-1 (21),72
Checkpoint-1 (22),67
Checkpoint-1 (22),65
Checkpoint-1 (22),62
Checkpoint-1 (22),62
Checkpoint-1 (22),60
Checkpoint-1 (23),60
Checkpoint-1 (22),60
Checkpoint-1 (22),60
Checkpoint-1 (22),60
Checkpoint-1 (22),60
Checkpoint-1 (23),53
Checkpoint-1 (23),49
Checkpoint-1 (23),49
Checkpoint-1 (23),50
Checkpoint-1 (24),50
Checkpoint-1 (23),51
Checkpoint-1 (23),51
Checkpoint-1 (23),51
Checkpoint-1 (23),51
Checkpoint-1 (24),54
Checkpoint-1 (24),55
Checkpoint-1 (24),56
Checkpoint-1 (24),59
Checkpoint-1 (24),60
Checkpoint-1 (25),61
Checkpoint-1 (24),61
Checkpoint-1 (24),62
Checkpoint-1 (24),62
Checkpoint-1 (24),62
Checkpoint-1 (24),62
Checkpoint-1 (24),62
Checkpoint-1 (24),62
Checkpoint-1 (24),62
Checkpoint-1 (25),66
Checkpoint-1 (25),67
Checkpoint-1 (25),67
Checkpoint-1 (25),67
Checkpoint-1 (25),68
Checkpoint-1 (25),68
Checkpoint-1 (25),68
Checkpoint-1 (25),68
Checkpoint-1 (26),69
Checkpoint-1 (26),73
Checkpoint-1 (26),74
Checkpoint-1 (26),74
Checkpoint-1 (26),74
Checkpoint-1 (26),75
Checkpoint-1 (26),75
Checkpoint-1 (26),75
Checkpoint-1 (26),75
Checkpoint-1 (27),75
Checkpoint-1 (27),76
Checkpoint-1 (27),79
Checkpoint-1 (27),79
Checkpoint-1 (27),80
Checkpoint-1 (27),81
Checkpoint-1 (27),81
Checkpoint-1 (27),81
Checkpoint-1 (27),81
Checkpoint-1 (28),84
Checkpoint-1 (28),85
Checkpoint-1 (28),86
Checkpoint-1 (28),86
Checkpoint-1 (28),87
Checkpoint-1 (28),87
Checkpoint-1 (28),87
Checkpoint-1 (28),87
Checkpoint-1 (28),87
Checkpoint-1 (29),87
Checkpoint-1 (29),88
Checkpoint-1 (29),91
Checkpoint-1 (29),91
Checkpoint-1 (30),91
Checkpoint-1 (29),92
Checkpoint-1 (29),93
Checkpoint-1 (29),93
Checkpoint-1 (29),93
Checkpoint-1 (29),93
Checkpoint-1 (30),96
Checkpoint-1 (30),97
Checkpoint-1 (30),97
Checkpoint-1 (31),98
Checkpoint-1 (30),98
Checkpoint-1 (30),98
Checkpoint-1 (30),98
Checkpoint-1 (30),98
Checkpoint-1 (30),98
Checkpoint-1 (31),101
Checkpoint-1 (31),103
Checkpoint-1 (31),103
Checkpoint-1 (31),104
Checkpoint-1 (32),104
Checkpoint-1 (31),104
Checkpoint-1 (31),104
Checkpoint-1 (31),104
Checkpoint-1 (31),104
Checkpoint-1 (32),106
Checkpoint-1 (32),108
Checkpoint-1 (33),108
Checkpoint-1 (32),108
Checkpoint-1 (32),109
Checkpoint-1 (32),109
Checkpoint-1 (32),109
Checkpoint-1 (32),109
Checkpoint-1 (32),109
Checkpoint-1 (33),109
Checkpoint-1 (33),113
Checkpoint-1 (34),113
Checkpoint-1 (33),113
Checkpoint-1 (33),114
Checkpoint-1 (33),114
Checkpoint-1 (33),114
Checkpoint-1 (33),114
Checkpoint-1 (33),114
Checkpoint-1 (34),114
Checkpoint-1 (33),114
Checkpoint-1 (33),114
Checkpoint-1 (33),114
Checkpoint-1 (33),114
Checkpoint-1 (33),114
Checkpoint-1 (34),117
Checkpoint-1 (35),118
Checkpoint-1 (34),118
Checkpoint-1 (34),118
Checkpoint-1 (34),119
Checkpoint-1 (34),119
Checkpoint-1 (34),119
Checkpoint-1 (34),119
Checkpoint-1 (35),120
Checkpoint-1 (35),122
Checkpoint-1 (35),122
Checkpoint-1 (36),123
Checkpoint-1 (35),123
Checkpoint-1 (35),123
Checkpoint-1 (35),123
Checkpoint-1 (35),123
Checkpoint-1 (35),123
Checkpoint-1 (36),125
Checkpoint-1 (36),127
Checkpoint-1 (36),127
Checkpoint-1 (37),127
Checkpoint-1 (36),127
Checkpoint-1 (36),128
Checkpoint-1 (36),128
Checkpoint-1 (36),128
Checkpoint-1 (36),128
Checkpoint-1 (36),128
Checkpoint-1 (36),128
Checkpoint-1 (37),130
Checkpoint-1 (37),131
Checkpoint-1 (37),131
Checkpoint-1 (38),131
Checkpoint-1 (37),132
Checkpoint-1 (37),132
Checkpoint-1 (37),132
Checkpoint-1 (37),132
Checkpoint-1 (37),132
Checkpoint-1 (38),134
Checkpoint-1 (38),135
Checkpoint-1 (38),135
Checkpoint-1 (39),135
Checkpoint-1 (38),136
Checkpoint-1 (38),136
Checkpoint-1 (38),136
Checkpoint-1 (38),136
Checkpoint-1 (38),136
Checkpoint-1 (39),138
Checkpoint-1 (39),139
Checkpoint-1 (39),139
Checkpoint-1 (40),140
Checkpoint-1 (39),140
Checkpoint-1 (39),140
Checkpoint-1 (39),140
Checkpoint-1 (39),140
Checkpoint-1 (40),142
Checkpoint-1 (40),143
Checkpoint-1 (40),143
Checkpoint-1 (41),143
Checkpoint-1 (40),144
Checkpoint-1 (40),144
Checkpoint-1 (40),144
Checkpoint-1 (40),144
Checkpoint-1 (40),144
Checkpoint-1 (41),145
Checkpoint-1 (42),147
Checkpoint-1 (41),147
Checkpoint-1 (41),147
Checkpoint-1 (41),147
Checkpoint-1 (41),147
Checkpoint-1 (41),147
Checkpoint-1 (41),147
Checkpoint-1 (41),146
Checkpoint-1 (41),146
Checkpoint-1 (41),146
Checkpoint-1 (42),144
Checkpoint-1 (42),143
Checkpoint-1 (42),143
Checkpoint-1 (42),142
Checkpoint-1 (42),142
Checkpoint-1 (42),142
Checkpoint-1 (42),142
Checkpoint-1 (42),142
Checkpoint-1 (43),141
Checkpoint-1 (43),140
Checkpoint-1 (43),139
Checkpoint-1 (43),139
Checkpoint-1 (44),139
Checkpoint-1 (43),138
Checkpoint-1 (43),138
Checkpoint-1 (43),138
Checkpoint-1 (43),138
Checkpoint-1 (43),138
Checkpoint-1 (44),136
Checkpoint-1 (44),134
Checkpoint-1 (44),134
Checkpoint-1 (45),134
Checkpoint-1 (44),133
Checkpoint-1 (44),133
Checkpoint-1 (44),133
Checkpoint-1 (44),133
Checkpoint-1 (44),133
Checkpoint-1 (45),132
Checkpoint-1 (45),129
Checkpoint-1 (45),129
Checkpoint-1 (46),129
Checkpoint-1 (45),128
Checkpoint-1 (45),128
Checkpoint-1 (45),128
Checkpoint-1 (45),128
Checkpoint-1 (45),128
Checkpoint-1 (46),128
Checkpoint-1 (46),124
Checkpoint-1 (46),124
Checkpoint-1 (46),123
Checkpoint-1 (46),123
Checkpoint-1 (46),123
Checkpoint-1 (46),123
Checkpoint-1 (46),123
Checkpoint-1 (46),123
Checkpoint-1 (46),123
Checkpoint-1 (46),123
Checkpoint-1 (47),116
Checkpoint-1 (47),112
Checkpoint-1 (47),110
Checkpoint-1 (47),110
Checkpoint-1 (47),109
Checkpoint-1 (47),109
Checkpoint-1 (47),109
Checkpoint-1 (47),109
Checkpoint-1 (48),99
Checkpoint-1 (48),95
Checkpoint-1 (48),92
Checkpoint-1 (48),78
Checkpoint-1 (48),78
Checkpoint-1 (48),77
Checkpoint-1 (48),77
Checkpoint-1 (48),76
Checkpoint-1 (48),76
Checkpoint-1 (48),76
Checkpoint-1 (49),65
Checkpoint-1 (49),63
Checkpoint-1 (49),58
Checkpoint-1 (49),58
Checkpoint-1 (49),56
Checkpoint-1 (49),55
Checkpoint-1 (49),55
Checkpoint-1 (49),55
Checkpoint-1 (50),55
Checkpoint-1 (49),55
Checkpoint-1 (49),55
Checkpoint-1 (49),55
Checkpoint-1 (49),55
Checkpoint-1 (50),52
Checkpoint-1 (50),43
Checkpoint-1 (50),43
Checkpoint-1 (50),44
Checkpoint-1 (50),45
Checkpoint-1 (50),46
Checkpoint-1 (50),46
Checkpoint-1 (50),46
Checkpoint-1 (50),46
Checkpoint-1 (51),51
Checkpoint-1 (51),56
Checkpoint-1 (51),57
Checkpoint-1 (51),57
Checkpoint-1 (51),59
Checkpoint-1 (51),60
Checkpoint-1 (51),60
Checkpoint-1 (51),60
Checkpoint-1 (51),60
Checkpoint-1 (52),61
Checkpoint-1 (52),65
Checkpoint-1 (52),65
Checkpoint-1 (52),66
Checkpoint-1 (52),66
Checkpoint-1 (52),66
Checkpoint-1 (52),66
Checkpoint-1 (52),66
Checkpoint-1 (52),66
Checkpoint-1 (52),66
Checkpoint-1 (52),66
Checkpoint-1 (52),66
Checkpoint-1 (53),66
Checkpoint-1 (53),73
Checkpoint-1 (53),73
Checkpoint-1 (53),74
Checkpoint-1 (53),74
Checkpoint-1 (53),74
Checkpoint-1 (53),75
Checkpoint-1 (53),75
Checkpoint-1,75
Checkpoint-1,80
Checkpoint-1,80
Checkpoint-1,80
Checkpoint-1 (1),80
Checkpoint-1,81
Checkpoint-1,81
Checkpoint-1,81
Checkpoint-1,81
Checkpoint-1,81
Checkpoint-1 (1),84
Checkpoint-1 (1),86
Checkpoint-1 (1),86
Checkpoint-1 (2),86
Checkpoint-1 (1),87
Checkpoint-1 (1),87
Checkpoint-1 (1),87
Checkpoint-1 (1),87
Checkpoint-1 (1),87
Checkpoint-1 (2),92
Checkpoint-1 (2),93
Checkpoint-1 (2),93
Checkpoint-1 (2),94
Checkpoint-1 (2),94
Checkpoint-1 (2),94
Checkpoint-1 (2),94
Checkpoint-1 (3),94
Checkpoint-1 (2),94
Checkpoint-1 (2),94
Checkpoint-1 (2),94
Checkpoint-1 (2),94
Checkpoint-1 (2),94
Checkpoint-1 (3),96
Checkpoint-1 (3),98
Checkpoint-1 (3),98
Checkpoint-1 (4),98
Checkpoint-1 (3),99
Checkpoint-1 (3),99
Checkpoint-1 (3),99
Checkpoint-1 (3),99
Checkpoint-1 (3),99
Checkpoint-1 (4),102
Checkpoint-1 (4),103
Checkpoint-1 (4),103
Checkpoint-1 (4),104
Checkpoint-1 (4),104
Checkpoint-1 (4),104
Checkpoint-1 (4),104
Checkpoint-1 (4),104
Checkpoint-1 (5),104
Checkpoint-1 (5),108
Checkpoint-1 (5),108
Checkpoint-1 (5),108
Checkpoint-1 (6),109
Checkpoint-1 (5),109
Checkpoint-1 (5),110
Checkpoint-1 (5),110
Checkpoint-1 (5),110
Checkpoint-1 (5),110
Checkpoint-1 (6),113
Checkpoint-1 (6),113
Checkpoint-1 (6),113
Checkpoint-1 (7),114
Checkpoint-1 (6),114
Checkpoint-1 (6),114
Checkpoint-1 (6),114
Checkpoint-1 (6),114
Checkpoint-1 (6),114
Checkpoint-1 (7),118
Checkpoint-1 (7),118
Checkpoint-1 (7),118
Checkpoint-1 (8),118
Checkpoint-1 (7),119
Checkpoint-1 (7),119
Checkpoint-1 (7),119
Checkpoint-1 (7),119
Checkpoint-1 (7),119
Checkpoint-1 (8),122
Checkpoint-1 (8),123
Checkpoint-1 (9),123
Checkpoint-1 (8),123
Checkpoint-1 (8),124
Checkpoint-1 (8),124
Checkpoint-1 (8),124
Checkpoint-1 (8),124
Checkpoint-1 (8),124
Checkpoint-1 (9),126
Checkpoint-1 (9),127
Checkpoint-1 (9),127
Checkpoint-1 (10),127
Checkpoint-1 (9),128
Checkpoint-1 (9),128
Checkpoint-1 (9),128
Checkpoint-1 (9),128
Checkpoint-1 (9),128
Checkpoint-1 (10),131
Checkpoint-1 (10),131
Checkpoint-1 (10),131
Checkpoint-1 (11),131
Checkpoint-1 (10),132
Checkpoint-1 (10),132
Checkpoint-1 (10),132
Checkpoint-1 (10),132
Checkpoint-1 (10),132
Checkpoint-1 (11),135
Checkpoint-1 (11),135
Checkpoint-1 (12),135
Checkpoint-1 (11),135
Checkpoint-1 (11),136
Checkpoint-1 (11),136
Checkpoint-1 (11),136
Checkpoint-1 (11),136
Checkpoint-1 (11),136
Checkpoint-1 (12),139
Checkpoint-1 (12),139
Checkpoint-1 (12),139
Checkpoint-1 (13),139
Checkpoint-1 (12),140
Checkpoint-1 (12),140
Checkpoint-1 (12),140
Checkpoint-1 (12),140
Checkpoint-1 (12),140
Checkpoint-1 (13),142
Checkpoint-1 (13),143
Checkpoint-1 (13),143
Checkpoint-1 (14),143
Checkpoint-1 (13),144
Checkpoint-1 (13),144
Checkpoint-1 (13),144
Checkpoint-1 (13),144
Checkpoint-1 (13),144
Checkpoint-1 (14),146
Checkpoint-1 (14),147
Checkpoint-1 (14),147
Checkpoint-1 (15),147
Checkpoint-1 (14),148
Checkpoint-1 (14),148
Checkpoint-1 (14),148
Checkpoint-1 (14),148
Checkpoint-1 (14),148
Checkpoint-1 (15),147
Checkpoint-1 (15),146
Checkpoint-1 (15),146
Checkpoint-1 (16),146
Checkpoint-1 (15),146
Checkpoint-1 (15),145
Checkpoint-1 (15),145
Checkpoint-1 (15),145
Checkpoint-1 (15),145
Checkpoint-1 (16),143
Checkpoint-1 (16),142
Checkpoint-1 (16),142
Checkpoint-1 (17),142
Checkpoint-1 (16),141
Checkpoint-1 (16),141
Checkpoint-1 (16),141
Checkpoint-1 (16),141
Checkpoint-1 (16),141
Checkpoint-1 (16),141
Checkpoint-1 (17),138
Checkpoint-1 (17),138
Checkpoint-1 (17),137
Checkpoint-1 (18),137
Checkpoint-1 (17),137
Checkpoint-1 (17),136
Checkpoint-1 (17),136
Checkpoint-1 (17),136
Checkpoint-1 (18),133
Checkpoint-1 (18),133
Checkpoint-1 (19),132
Checkpoint-1 (18),132
Checkpoint-1 (18),132
Checkpoint-1 (18),131
Checkpoint-1 (18),131
Checkpoint-1 (18),131
Checkpoint-1 (18),131
Checkpoint-1 (19),130
Checkpoint-1 (19),128
Checkpoint-1 (19),128
Checkpoint-1 (19),127
Checkpoint-1 (19),126
Checkpoint-1 (19),126
Checkpoint-1 (19),126
Checkpoint-1 (19),126
Checkpoint-1 (20),119
Checkpoint-1 (20),112
Checkpoint-1 (20),110
Checkpoint-1 (20),110
Checkpoint-1 (20),109
Checkpoint-1 (20),109
Checkpoint-1 (20),109
Checkpoint-1 (20),109
Checkpoint-1 (21),94
Checkpoint-1 (21),14
Checkpoint-1 (21),17
Checkpoint-1 (21),18
Checkpoint-1 (21),19
Checkpoint-1 (20),33
Checkpoint-1 (20),33
Checkpoint-1 (20),35
Checkpoint-1 (20),35
Checkpoint-1 (20),35
Checkpoint-1 (20),35
Checkpoint-1 (20),35
Checkpoint-1 (20),35
Checkpoint-1 (20),36
Checkpoint-1 (20),36
Checkpoint-1 (20),1
Checkpoint-1 (20),2
Checkpoint-1 (20),13
Checkpoint-1 (20),15
Checkpoint-1 (20),15
Checkpoint-1 (21),16
Checkpoint-1 (20),16
Checkpoint-1 (20),16
Checkpoint-1 (20),18
Checkpoint-1 (20),18
Checkpoint-1 (20),18
Checkpoint-1 (20),18
Checkpoint-1 (20),18
Checkpoint-1 (21),36
Checkpoint-1 (21),36
Checkpoint-1 (21),38
Checkpoint-1 (21),39
Checkpoint-1 (21),40
Checkpoint-1 (21),40
Checkpoint-1 (21),40
Checkpoint-1 (21),40
Checkpoint-1 (21),40
Checkpoint-1 (21),40
Checkpoint-1 (21),40
Checkpoint-1 (21),40
Checkpoint-1 (22),41
Checkpoint-1 (22),53
Checkpoint-1 (22),53
Checkpoint-1 (22),53
Checkpoint-1 (22),55
Checkpoint-1 (22),55
Checkpoint-1 (23),56
Checkpoint-1 (22),56
Checkpoint-1 (22),56
Checkpoint-1 (22),56
Checkpoint-1 (23),64
Checkpoint-1 (23),65
Checkpoint-1 (23),65
Checkpoint-1 (24),66
Checkpoint-1 (23),66
Checkpoint-1 (23),67
Checkpoint-1 (23),67
Checkpoint-1 (23),67
Checkpoint-1 (23),67
Checkpoint-1 (25),73
Checkpoint-1 (24),73
Checkpoint-1 (24),73
Checkpoint-1 (24),74
Checkpoint-1 (24),74
Checkpoint-1 (24),74
Checkpoint-1 (24),74
Checkpoint-1 (24),74
Checkpoint-1 (24),74
Checkpoint-1 (24),74
Checkpoint-1 (25),78
Checkpoint-1 (25),78
Checkpoint-1 (25),78
Checkpoint-1 (25),78
Checkpoint-1 (25),78
Checkpoint-1 (25),78
Checkpoint-1 (25),78
Checkpoint-1 (25),78
Checkpoint-1 (26),79
Checkpoint-1 (26),79
Checkpoint-1 (26),79
Checkpoint-1 (26),79
Checkpoint-1 (27),80
Checkpoint-1 (26),80
Checkpoint-1 (26),81
Checkpoint-1 (26),81
Checkpoint-1 (26),81
Checkpoint-1 (26),81
Checkpoint-1 (27),85
Checkpoint-1 (27),86
Checkpoint-1 (27),87
Checkpoint-1 (27),87
Checkpoint-1 (27),87
Checkpoint-1 (27),87
Checkpoint-1 (27),87
Checkpoint-1 (27),87
Checkpoint-1 (28),80
Checkpoint-1 (28),81
Checkpoint-1 (28),82
Checkpoint-1 (29),82
Checkpoint-1 (28),82
Checkpoint-1 (28),83
Checkpoint-1 (28),84
Checkpoint-1 (28),84
Checkpoint-1 (28),84
Checkpoint-1 (28),84
Checkpoint-1 (29),87
Checkpoint-1 (29),88
Checkpoint-1 (29),89
Checkpoint-1 (30),89
Checkpoint-1 (29),90
Checkpoint-1 (29),90
Checkpoint-1 (29),90
Checkpoint-1 (29),90
Checkpoint-1 (29),90
Checkpoint-1 (30),94
Checkpoint-1 (30),94
Checkpoint-1 (31),94
Checkpoint-1 (30),95
Checkpoint-1 (30),95
Checkpoint-1 (30),96
Checkpoint-1 (30),96
Checkpoint-1 (30),96
Checkpoint-1 (30),96
Checkpoint-1 (31),96
Checkpoint-1 (31),100
Checkpoint-1 (31),100
Checkpoint-1 (31),101
Checkpoint-1 (32),101
Checkpoint-1 (31),101
Checkpoint-1 (31),101
Checkpoint-1 (31),101
Checkpoint-1 (31),101
Checkpoint-1 (31),101
Checkpoint-1 (31),101
Checkpoint-1 (31),101
Checkpoint-1 (31),101
Checkpoint-1 (31),101
Checkpoint-1 (32),105
Checkpoint-1 (32),105
Checkpoint-1 (32),105
Checkpoint-1 (33),106
Checkpoint-1 (32),106
Checkpoint-1 (32),107
Checkpoint-1 (32),107
Checkpoint-1 (32),107
Checkpoint-1 (32),107
Checkpoint-1 (33),111
Checkpoint-1 (33),111
Checkpoint-1 (33),111
Checkpoint-1 (33),112
Checkpoint-1 (33),112
Checkpoint-1 (33),112
Checkpoint-1 (33),112
Checkpoint-1 (34),112
Checkpoint-1 (34),115
Checkpoint-1 (34),115
Checkpoint-1 (34),115
Checkpoint-1 (35),115
Checkpoint-1 (34),116
Checkpoint-1 (34),117
Checkpoint-1 (34),117
Checkpoint-1 (34),117
Checkpoint-1 (34),117
Checkpoint-1 (35),118
Checkpoint-1 (35),118
Checkpoint-1 (35),118
Checkpoint-1 (36),117
Checkpoint-1 (35),117
Checkpoint-1 (35),117
Checkpoint-1 (35),116
Checkpoint-1 (35),116
Checkpoint-1 (35),116
Checkpoint-1 (36),113
Checkpoint-1 (36),112
Checkpoint-1 (36),112
Checkpoint-1 (37),112
Checkpoint-1 (36),111
Checkpoint-1 (36),111
Checkpoint-1 (36),111
Checkpoint-1 (36),111
Checkpoint-1 (36),111
Checkpoint-1 (37),108
Checkpoint-1 (37),107
Checkpoint-1 (37),107
Checkpoint-1 (37),106
Checkpoint-1 (37),105
Checkpoint-1 (37),105
Checkpoint-1 (37),105
Checkpoint-1 (37),105
Checkpoint-1 (38),105
Checkpoint-1 (38),101
Checkpoint-1 (38),101
Checkpoint-1 (39),101
Checkpoint-1 (38),101
Checkpoint-1 (38),100
Checkpoint-1 (38),100
Checkpoint-1 (38),99
Checkpoint-1 (38),99
Checkpoint-1 (38),99
Checkpoint-1 (39),95
Checkpoint-1 (39),95
Checkpoint-1 (40),95
Checkpoint-1 (39),95
Checkpoint-1 (39),94
Checkpoint-1 (39),93
Checkpoint-1 (39),93
Checkpoint-1 (39),93
Checkpoint-1 (39),93
Checkpoint-1 (40),89
Checkpoint-1 (40),88
Checkpoint-1 (40),88
Checkpoint-1 (41),88
Checkpoint-1 (40),87
Checkpoint-1 (40),86
Checkpoint-1 (40),86
Checkpoint-1 (40),86
Checkpoint-1 (40),86
Checkpoint-1 (41),82
Checkpoint-1 (41),81
Checkpoint-1 (41),81
Checkpoint-1 (42),80
Checkpoint-1 (41),80
Checkpoint-1 (41),79
Checkpoint-1 (41),79
Checkpoint-1 (41),79
Checkpoint-1 (41),79
Checkpoint-1 (42),75
Checkpoint-1 (42),75
Checkpoint-1 (42),75
Checkpoint-1 (43),75
Checkpoint-1 (42),76
Checkpoint-1 (42),76
Checkpoint-1 (42),76
Checkpoint-1 (42),76
Checkpoint-1 (42),76
Checkpoint-1 (43),81
Checkpoint-1 (43),82
Checkpoint-1 (43),82
Checkpoint-1 (44),83
Checkpoint-1 (43),83
Checkpoint-1 (43),83
Checkpoint-1 (43),83
Checkpoint-1 (43),83
Checkpoint-1 (43),83
Checkpoint-1 (44),87
Checkpoint-1 (44),88
Checkpoint-1 (44),88
Checkpoint-1 (44),89
Checkpoint-1 (45),90
Checkpoint-1 (44),90
Checkpoint-1 (44),90
Checkpoint-1 (44),90
Checkpoint-1 (44),90
Checkpoint-1 (45),94
Checkpoint-1 (45),94
Checkpoint-1 (45),95
Checkpoint-1 (46),96
Checkpoint-1 (45),96
Checkpoint-1 (45),96
Checkpoint-1 (45),96
Checkpoint-1 (45),96
Checkpoint-1 (45),96
Checkpoint-1 (46),100
Checkpoint-1 (46),100
Checkpoint-1 (46),101
Checkpoint-1 (46),101
Checkpoint-1 (46),101
Checkpoint-1 (46),101
Checkpoint-1 (46),101
Checkpoint-1 (47),100
Checkpoint-1 (48),97
Checkpoint-1 (47),97
Checkpoint-1 (48),95
Checkpoint-1 (48),95
Checkpoint-1 (48),60
Checkpoint-1 (49),53
Checkpoint-1 (48),52
Checkpoint-1 (48),51
Checkpoint-1 (48),51
Checkpoint-1 (48),50
Checkpoint-1 (48),50
Checkpoint-1 (48),48
Checkpoint-1 (48),48
Checkpoint-1 (48),48
Checkpoint-1 (49),17
Checkpoint-1 (49),22
Checkpoint-1 (49),27
Checkpoint-1 (49),31
Checkpoint-1 (49),33
Checkpoint-1 (49),34
Checkpoint-1 (50),35
Checkpoint-1 (49),35
Checkpoint-1 (49),35
Checkpoint-1 (49),35
Checkpoint-1 (49),35
Checkpoint-1 (50),48
Checkpoint-1 (50),49
Checkpoint-1 (50),50
Checkpoint-1 (50),51
Checkpoint-1 (50),51
Checkpoint-1 (50),51
Checkpoint-1 (50),51
Checkpoint-1 (50),51
Checkpoint-1 (50),51
Checkpoint-1 (50),51
Checkpoint-1 (51),54
Checkpoint-1 (51),62
Checkpoint-1 (51),63
Checkpoint-1 (51),63
Checkpoint-1 (51),64
Checkpoint-1 (51),64
Checkpoint-1 (51),64
Checkpoint-1 (51),64
Checkpoint-1 (51),64
Checkpoint-1 (51),64
Checkpoint-1 (51),64
Checkpoint-1 (52),64
Checkpoint-1 (52),69
Checkpoint-1 (52),70
Checkpoint-1 (52),70
Checkpoint-1 (52),71
Checkpoint-1 (52),71
Checkpoint-1 (52),71
Checkpoint-1 (52),71
Checkpoint-1 (53),72
Checkpoint-1 (53),74
Checkpoint-1 (53),75
Checkpoint-1 (53),75
Checkpoint-1,75
Checkpoint-1 (53),76
Checkpoint-1 (53),77
Checkpoint-1 (53),77
Checkpoint-1 (53),77
Checkpoint-1 (53),77
Checkpoint-1 (53),77
Checkpoint-1 (53),77
Checkpoint-1 (53),77
Checkpoint-1,81
Checkpoint-1,82
Checkpoint-1 (1),82
Checkpoint-1,82
Checkpoint-1,83
Checkpoint-1,83
Checkpoint-1,83
Checkpoint-1,83
Checkpoint-1,83
Checkpoint-1 (1),88
Checkpoint-1 (1),88
Checkpoint-1 (2),88
Checkpoint-1 (1),88
Checkpoint-1 (1),89
Checkpoint-1 (1),90
Checkpoint-1 (1),90
Checkpoint-1 (1),90
Checkpoint-1 (1),90
Checkpoint-1 (2),92
Checkpoint-1 (3),94
Checkpoint-1 (2),94
Checkpoint-1 (2),94
Checkpoint-1 (2),95
Checkpoint-1 (2),96
Checkpoint-1 (2),96
Checkpoint-1 (2),96
Checkpoint-1 (2),96
Checkpoint-1 (2),96
Checkpoint-1 (2),96
Checkpoint-1 (2),96
Checkpoint-1 (2),96
Checkpoint-1 (2),96
Checkpoint-1 (3),96
Checkpoint-1 (3),100
Checkpoint-1 (3),100
Checkpoint-1 (4),100
Checkpoint-1 (3),101
Checkpoint-1 (3),101
Checkpoint-1 (3),101
Checkpoint-1 (3),101
Checkpoint-1 (3),101
Checkpoint-1 (4),102
Checkpoint-1 (4),105
Checkpoint-1 (4),105
Checkpoint-1 (5),105
Checkpoint-1 (4),106
Checkpoint-1 (4),107
Checkpoint-1 (4),107
Checkpoint-1 (4),107
Checkpoint-1 (4),107
Checkpoint-1 (5),109
Checkpoint-1 (5),111
Checkpoint-1 (6),111
Checkpoint-1 (5),111
Checkpoint-1 (5),111
Checkpoint-1 (5),112
Checkpoint-1 (5),112
Checkpoint-1 (5),112
Checkpoint-1 (5),112
Checkpoint-1 (5),112
Checkpoint-1 (5),112
Checkpoint-1 (5),112
Checkpoint-1 (5),112
Checkpoint-1 (6),113
Checkpoint-1 (6),115
Checkpoint-1 (7),115
Checkpoint-1 (6),115
Checkpoint-1 (6),116
Checkpoint-1 (6),116
Checkpoint-1 (6),117
Checkpoint-1 (6),117
Checkpoint-1 (6),117
Checkpoint-1 (7),118
Checkpoint-1 (7),120
Checkpoint-1 (8),120
Checkpoint-1 (7),120
Checkpoint-1 (7),121
Checkpoint-1 (7),121
Checkpoint-1 (7),121
Checkpoint-1 (7),121
Checkpoint-1 (7),121
Checkpoint-1 (8),120
Checkpoint-1 (8),118
Checkpoint-1 (8),118
Checkpoint-1 (9),118
Checkpoint-1 (8),117
Checkpoint-1 (8),117
Checkpoint-1 (8),117
Checkpoint-1 (8),117
Checkpoint-1 (8),116
Checkpoint-1 (8),116
Checkpoint-1 (8),116
Checkpoint-1 (8),116
Checkpoint-1 (8),116
Checkpoint-1 (8),116
Checkpoint-1 (9),114
Checkpoint-1 (9),113
Checkpoint-1 (9),112
Checkpoint-1 (10),112
Checkpoint-1 (9),112
Checkpoint-1 (9),111
Checkpoint-1 (9),111
Checkpoint-1 (9),111
Checkpoint-1 (9),111
Checkpoint-1 (10),111
Checkpoint-1 (10),110
Checkpoint-1 (10),107
Checkpoint-1 (10),107
Checkpoint-1 (11),107
Checkpoint-1 (10),106
Checkpoint-1 (10),106
Checkpoint-1 (10),106
Checkpoint-1 (10),106
Checkpoint-1 (10),106
Checkpoint-1 (11),103
Checkpoint-1 (11),101
Checkpoint-1 (11),101
Checkpoint-1 (11),100
Checkpoint-1 (11),100
Checkpoint-1 (11),100
Checkpoint-1 (12),100
Checkpoint-1 (11),100
Checkpoint-1 (11),100
Checkpoint-1 (12),95
Checkpoint-1 (12),95
Checkpoint-1 (12),95
Checkpoint-1 (13),95
Checkpoint-1 (12),94
Checkpoint-1 (12),93
Checkpoint-1 (12),93
Checkpoint-1 (12),93
Checkpoint-1 (12),93
Checkpoint-1 (13),90
Checkpoint-1 (13),88
Checkpoint-1 (13),88
Checkpoint-1 (14),88
Checkpoint-1 (13),87
Checkpoint-1 (13),86
Checkpoint-1 (13),86
Checkpoint-1 (13),86
Checkpoint-1 (13),86
Checkpoint-1 (14),82
Checkpoint-1 (14),81
Checkpoint-1 (14),81
Checkpoint-1 (14),79
Checkpoint-1 (14),79
Checkpoint-1 (14),79
Checkpoint-1 (14),79
Checkpoint-1 (14),79
Checkpoint-1 (15),76
Checkpoint-1 (15),73
Checkpoint-1 (15),72
Checkpoint-1 (15),71
Checkpoint-1 (15),71
Checkpoint-1 (15),71
Checkpoint-1 (15),71
Checkpoint-1 (15),71
Checkpoint-1 (16),69
Checkpoint-1 (16),66
Checkpoint-1 (16),66
Checkpoint-1 (16),66
Checkpoint-1 (17),66
Checkpoint-1 (17),68
Checkpoint-1 (16),68
Checkpoint-1 (16),68
Checkpoint-1 (16),68
Checkpoint-1 (16),68
Checkpoint-1 (16),68
Checkpoint-1 (17),73
Checkpoint-1 (17),74
Checkpoint-1 (17),75
Checkpoint-1 (18),75
Checkpoint-1 (17),76
Checkpoint-1 (17),76
Checkpoint-1 (17),76
Checkpoint-1 (17),76
Checkpoint-1 (17),76
Checkpoint-1 (17),77
Checkpoint-1 (17),77
Checkpoint-1 (18),80
Checkpoint-1 (18),82
Checkpoint-1 (18),82
Checkpoint-1 (18),83
Checkpoint-1 (19),83
Checkpoint-1 (18),83
Checkpoint-1 (18),83
Checkpoint-1 (18),83
Checkpoint-1 (18),83
Checkpoint-1 (19),88
Checkpoint-1 (19),88
Checkpoint-1 (19),89
Checkpoint-1 (19),89
Checkpoint-1 (19),89
Checkpoint-1 (19),89
Checkpoint-1 (19),89
Checkpoint-1 (20),89
Checkpoint-1 (20),88
Checkpoint-1 (20),87
Checkpoint-1 (21),87
Checkpoint-1 (21),88
Checkpoint-1 (21),88
Checkpoint-1 (21),88
Checkpoint-1 (21),89
Checkpoint-1 (21),89
Checkpoint-1 (21),89
Checkpoint-1 (21),89
Checkpoint-1 (21),89
Checkpoint-1 (22),89
Checkpoint-1 (22),90
Checkpoint-1 (22),94
Checkpoint-1 (22),95
Checkpoint-1 (22),95
Checkpoint-1 (22),96
Checkpoint-1 (23),96
Checkpoint-1 (22),96
Checkpoint-1 (22),96
Checkpoint-1 (22),96
Checkpoint-1 (22),96
Checkpoint-1 (22),97
Checkpoint-1 (23),101
Checkpoint-1 (23),102
Checkpoint-1 (23),102
Checkpoint-1 (24),103
Checkpoint-1 (23),103
Checkpoint-1 (23),103
Checkpoint-1 (23),103
Checkpoint-1 (23),103
Checkpoint-1 (23),103
Checkpoint-1 (24),103
Checkpoint-1 (24),102
Checkpoint-1 (24),100
Checkpoint-1 (24),100
Checkpoint-1 (24),99
Checkpoint-1 (24),99
Checkpoint-1 (24),99
Checkpoint-1 (24),99
Checkpoint-1 (25),99
Checkpoint-1 (25),90
Checkpoint-1 (25),87
Checkpoint-1 (25),87
Checkpoint-1 (25),86
Checkpoint-1 (25),86
Checkpoint-1 (25),86
Checkpoint-1 (25),86
Checkpoint-1 (25),85
Checkpoint-1 (26),80
Checkpoint-1 (26),74
Checkpoint-1 (26),72
Checkpoint-1 (26),72
Checkpoint-1 (27),72
Checkpoint-1 (26),70
Checkpoint-1 (26),70
Checkpoint-1 (26),70
Checkpoint-1 (26),70
Checkpoint-1 (26),70
Checkpoint-1 (27),65
Checkpoint-1 (27),63
Checkpoint-1 (27),63
Checkpoint-1 (28),63
Checkpoint-1 (27),61
Checkpoint-1 (27),61
Checkpoint-1 (27),61
Checkpoint-1 (27),61
Checkpoint-1 (27),61
Checkpoint-1 (28),60
Checkpoint-1 (28),62
Checkpoint-1 (28),62
Checkpoint-1 (29),62
Checkpoint-1 (28),64
Checkpoint-1 (28),64
Checkpoint-1 (28),64
Checkpoint-1 (28),64
Checkpoint-1 (28),64
Checkpoint-1 (29),68
Checkpoint-1 (29),71
Checkpoint-1 (29),71
Checkpoint-1 (30),71
Checkpoint-1 (29),72
Checkpoint-1 (29),73
Checkpoint-1 (29),73
Checkpoint-1 (29),73
Checkpoint-1 (29),73
Checkpoint-1 (30),74
Checkpoint-1 (30),78
Checkpoint-1 (30),78
Checkpoint-1 (31),78
Checkpoint-1 (30),80
Checkpoint-1 (30),80
Checkpoint-1 (30),80
Checkpoint-1 (30),80
Checkpoint-1 (30),80
Checkpoint-1 (30),80
Checkpoint-1 (30),80
Checkpoint-1 (31),82
Checkpoint-1 (31),85
Checkpoint-1 (32),85
Checkpoint-1 (31),85
Checkpoint-1 (31),86
Checkpoint-1 (31),87
Checkpoint-1 (31),87
Checkpoint-1 (31),87
Checkpoint-1 (31),87
Checkpoint-1 (32),89
Checkpoint-1 (32),92
Checkpoint-1 (32),92
Checkpoint-1 (33),92
Checkpoint-1 (32),93
Checkpoint-1 (32),93
Checkpoint-1 (32),93
Checkpoint-1 (32),93
Checkpoint-1 (32),93
Checkpoint-1 (33),96
Checkpoint-1 (33),97
Checkpoint-1 (33),98
Checkpoint-1 (34),98
Checkpoint-1 (33),99
Checkpoint-1 (33),99
Checkpoint-1 (33),99
Checkpoint-1 (33),99
Checkpoint-1 (33),99
Checkpoint-1 (34),101
Checkpoint-1 (34),103
Checkpoint-1 (34),103
Checkpoint-1 (35),103
Checkpoint-1 (34),104
Checkpoint-1 (34),104
Checkpoint-1 (34),104
Checkpoint-1 (34),104
Checkpoint-1 (34),104
Checkpoint-1 (35),107
Checkpoint-1 (35),108
Checkpoint-1 (35),108
Checkpoint-1 (36),108
Checkpoint-1 (35),109
Checkpoint-1 (35),110
Checkpoint-1 (35),110
Checkpoint-1 (35),110
Checkpoint-1 (35),110
Checkpoint-1 (35),110
Checkpoint-1 (35),110
Checkpoint-1 (35),110
Checkpoint-1 (35),110
Checkpoint-1 (35),110
Checkpoint-1 (36),112
Checkpoint-1 (36),113
Checkpoint-1 (36),114
Checkpoint-1 (36),114
Checkpoint-1 (37),115
Checkpoint-1 (36),115
Checkpoint-1 (36),115
Checkpoint-1 (36),115
Checkpoint-1 (36),115
Checkpoint-1 (36),115
Checkpoint-1 (36),115
Checkpoint-1 (36),115
Checkpoint-1 (37),118
Checkpoint-1 (37),118
Checkpoint-1 (37),118
Checkpoint-1 (37),119
Checkpoint-1 (37),119
Checkpoint-1 (37),119
Checkpoint-1 (37),119
Checkpoint-1 (37),119
Checkpoint-1 (38),119
Checkpoint-1 (38),116
Checkpoint-1 (38),116
Checkpoint-1 (38),116
Checkpoint-1 (39),115
Checkpoint-1 (38),115
Checkpoint-1 (38),114
Checkpoint-1 (38),114
Checkpoint-1 (38),114
Checkpoint-1 (38),114
Checkpoint-1 (39),111
Checkpoint-1 (39),110
Checkpoint-1 (39),110
Checkpoint-1 (40),110
Checkpoint-1 (39),109
Checkpoint-1 (39),109
Checkpoint-1 (39),109
Checkpoint-1 (39),109
Checkpoint-1 (39),109
Checkpoint-1 (39),109
Checkpoint-1 (39),109
Checkpoint-1 (39),109
Checkpoint-1 (39),109
Checkpoint-1 (40),105
Checkpoint-1 (40),104
Checkpoint-1 (40),104
Checkpoint-1 (40),103
Checkpoint-1 (40),103
Checkpoint-1 (40),103
Checkpoint-1 (40),103
Checkpoint-1 (40),103
Checkpoint-1 (40),103
Checkpoint-1 (41),99
Checkpoint-1 (41),98
Checkpoint-1 (41),98
Checkpoint-1 (41),97
Checkpoint-1 (41),97
Checkpoint-1 (41),97
Checkpoint-1 (41),97
Checkpoint-1 (41),97
Checkpoint-1 (42),93
Checkpoint-1 (42),92
Checkpoint-1 (42),91
Checkpoint-1 (42),90
Checkpoint-1 (42),90
Checkpoint-1 (42),90
Checkpoint-1 (42),90
Checkpoint-1 (42),90
Checkpoint-1 (43),89
Checkpoint-1 (43),86
Checkpoint-1 (43),85
Checkpoint-1 (44),85
Checkpoint-1 (43),85
Checkpoint-1 (43),83
Checkpoint-1 (43),83
Checkpoint-1 (43),83
Checkpoint-1 (43),83
Checkpoint-1 (43),83
Checkpoint-1 (44),79
Checkpoint-1 (44),77
Checkpoint-1 (44),77
Checkpoint-1 (44),76
Checkpoint-1 (45),76
Checkpoint-1 (44),75
Checkpoint-1 (44),75
Checkpoint-1 (44),75
Checkpoint-1 (44),75
Checkpoint-1 (45),71
Checkpoint-1 (45),69
Checkpoint-1 (45),69
Checkpoint-1 (46),68
Checkpoint-1 (45),67
Checkpoint-1 (45),67
Checkpoint-1 (45),67
Checkpoint-1 (45),67
Checkpoint-1 (45),67
Checkpoint-1 (46),61
Checkpoint-1 (46),59
Checkpoint-1 (46),59
Checkpoint-1 (46),57
Checkpoint-1 (46),57
Checkpoint-1 (46),57
Checkpoint-1 (46),57
Checkpoint-1 (46),57
Checkpoint-1 (46),56
Checkpoint-1 (46),56
Checkpoint-1 (46),56
Checkpoint-1 (46),56
Checkpoint-1 (46),56
Checkpoint-1 (47),52
Checkpoint-1 (47),42
Checkpoint-1 (47),40
Checkpoint-1 (47),41
Checkpoint-1 (47),41
Checkpoint-1 (47),41
Checkpoint-1 (47),42
Checkpoint-1 (47),42
Checkpoint-1 (47),42
Checkpoint-1 (48),42
Checkpoint-1 (48),47
Checkpoint-1 (48),48
Checkpoint-1 (48),49
Checkpoint-1 (49),50
Checkpoint-1 (48),50
Checkpoint-1 (48),50
Checkpoint-1 (48),50
Checkpoint-1 (48),50
Checkpoint-1 (48),50
Checkpoint-1 (48),50
Checkpoint-1 (49),57
Checkpoint-1 (49),59
Checkpoint-1 (49),59
Checkpoint-1 (49),61
Checkpoint-1 (50),61
Checkpoint-1 (49),61
Checkpoint-1 (49),61
Checkpoint-1 (49),61
Checkpoint-1 (49),61
Checkpoint-1 (50),67
Checkpoint-1 (50),70
Checkpoint-1 (50),70
Checkpoint-1 (50),71
Checkpoint-1 (50),72
Checkpoint-1 (50),72
Checkpoint-1 (50),72
Checkpoint-1 (50),72
Checkpoint-1 (51),75
Checkpoint-1 (51),79
Checkpoint-1 (51),80
Checkpoint-1 (51),80
Checkpoint-1 (51),80
Checkpoint-1 (51),80
Checkpoint-1 (51),80
Checkpoint-1 (51),80
Checkpoint-1 (51),80
Checkpoint-1 (51),80
Checkpoint-1 (51),80
Checkpoint-1 (52),80
Checkpoint-1 (52),82
Checkpoint-1 (52),82
Checkpoint-1 (52),82
Checkpoint-1 (52),82
Checkpoint-1 (52),83
Checkpoint-1 (52),83
Checkpoint-1 (52),83
Checkpoint-1 (52),83
Checkpoint-1 (53),84
Checkpoint-1 (53),86
Checkpoint-1 (53),86
Checkpoint-1 (53),86
Checkpoint-1,86
Checkpoint-1 (53),87
Checkpoint-1 (53),87
Checkpoint-1 (53),87
Checkpoint-1 (53),87
Checkpoint-1 (53),87
