Checkpoint-1,0
Checkpoint-1,0
Checkpoint-1,24
Checkpoint-1,24
Checkpoint-1 (1),25
Checkpoint-1,28
Checkpoint-1,29
Checkpoint-1,29
Checkpoint-1,29
Checkpoint-1,29
Checkpoint-1,30
Checkpoint-1 (1),34
Checkpoint-1 (1),41
Checkpoint-1 (1),42
Checkpoint-1 (2),42
Checkpoint-1 (1),44
Checkpoint-1 (1),45
Checkpoint-1 (1),45
Checkpoint-1 (1),45
Checkpoint-1 (1),45
Checkpoint-1 (2),48
Checkpoint-1 (2),54
Checkpoint-1 (2),54
Checkpoint-1 (3),54
Checkpoint-1 (2),55
Checkpoint-1 (2),56
Checkpoint-1 (2),56
Checkpoint-1 (2),56
Checkpoint-1 (2),56
Checkpoint-1 (3),59
Checkpoint-1 (3),63
Checkpoint-1 (3),63
Checkpoint-1 (4),64
Checkpoint-1 (3),65
Checkpoint-1 (3),65
Checkpoint-1 (3),65
Checkpoint-1 (3),65
Checkpoint-1 (3),65
Checkpoint-1 (4),68
Checkpoint-1 (4),72
Checkpoint-1 (4),72
Checkpoint-1 (5),72
Checkpoint-1 (4),73
Checkpoint-1 (4),73
Checkpoint-1 (4),73
Checkpoint-1 (4),73
Checkpoint-1 (4),73
Checkpoint-1 (5),75
Checkpoint-1 (5),79
Checkpoint-1 (5),79
Checkpoint-1 (6),79
Checkpoint-1 (5),80
Checkpoint-1 (5),81
Checkpoint-1 (5),81
Checkpoint-1 (5),81
Checkpoint-1 (5),81
Checkpoint-1 (6),82
Checkpoint-1 (6),86
Checkpoint-1 (6),86
Checkpoint-1 (7),86
Checkpoint-1 (6),87
Checkpoint-1 (6),87
Checkpoint-1 (6),87
Checkpoint-1 (6),87
Checkpoint-1 (6),87
Checkpoint-1 (7),88
Checkpoint-1 (7),92
Checkpoint-1 (7),92
Checkpoint-1 (8),93
Checkpoint-1 (7),93
Checkpoint-1 (7),94
Checkpoint-1 (7),94
Checkpoint-1 (7),94
Checkpoint-1 (7),94
Checkpoint-1 (8),95
Checkpoint-1 (8),98
Checkpoint-1 (8),98
Checkpoint-1 (9),98
Checkpoint-1 (8),99
Checkpoint-1 (8),99
Checkpoint-1 (8),99
Checkpoint-1 (8),99
Checkpoint-1 (8),100
Checkpoint-1 (9),100
Checkpoint-1 (9),104
Checkpoint-1 (9),104
Checkpoint-1 (10),104
Checkpoint-1 (9),105
Checkpoint-1 (9),105
Checkpoint-1 (9),105
Checkpoint-1 (9),105
Checkpoint-1 (9),105
Checkpoint-1 (10),106
Checkpoint-1 (10),109
Checkpoint-1 (11),109
Checkpoint-1 (10),109
Checkpoint-1 (10),110
Checkpoint-1 (10),110
Checkpoint-1 (10),110
Checkpoint-1 (10),110
Checkpoint-1 (10),110
Checkpoint-1 (11),111
Checkpoint-1 (11),114
Checkpoint-1 (11),114
Checkpoint-1 (12),114
Checkpoint-1 (11),114
Checkpoint-1 (11),114
Checkpoint-1 (11),114
Checkpoint-1 (11),114
Checkpoint-1 (11),114
Checkpoint-1 (11),114
Checkpoint-1 (12),113
Checkpoint-1 (12),110
Checkpoint-1 (12),109
Checkpoint-1 (13),109
Checkpoint-1 (12),109
Checkpoint-1 (12),108
Checkpoint-1 (12),108
Checkpoint-1 (12),108
Checkpoint-1 (12),108
Checkpoint-1 (12),108
Checkpoint-1 (13),107
Checkpoint-1 (13),104
Checkpoint-1 (14),104
Checkpoint-1 (13),104
Checkpoint-1 (13),103
Checkpoint-1 (13),102
Checkpoint-1 (13),102
Checkpoint-1 (13),102
Checkpoint-1 (13),102
Checkpoint-1 (14),101
Checkpoint-1 (14),98
Checkpoint-1 (14),98
Checkpoint-1 (15),98
Checkpoint-1 (14),97
Checkpoint-1 (14),96
Checkpoint-1 (14),96
Checkpoint-1 (14),96
Checkpoint-1 (14),96
Checkpoint-1 (14),96
Checkpoint-1 (15),95
Checkpoint-1 (15),91
Checkpoint-1 (16),91
Checkpoint-1 (15),91
Checkpoint-1 (15),90
Checkpoint-1 (15),90
Checkpoint-1 (15),90
Checkpoint-1 (15),90
Checkpoint-1 (15),90
Checkpoint-1 (16),89
Checkpoint-1 (16),84
Checkpoint-1 (16),84
Checkpoint-1 (17),84
Checkpoint-1 (16),83
Checkpoint-1 (16),83
Checkpoint-1 (16),83
Checkpoint-1 (16),83
Checkpoint-1 (16),83
Checkpoint-1 (17),80
Checkpoint-1 (17),77
Checkpoint-1 (18),77
Checkpoint-1 (17),77
Checkpoint-1 (17),75
Checkpoint-1 (17),75
Checkpoint-1 (17),75
Checkpoint-1 (17),75
Checkpoint-1 (17),75
Checkpoint-1 (17),75
Checkpoint-1 (18),74
Checkpoint-1 (18),69
Checkpoint-1 (19),68
Checkpoint-1 (18),68
Checkpoint-1 (18),67
Checkpoint-1 (18),66
Checkpoint-1 (18),66
Checkpoint-1 (18),66
Checkpoint-1 (18),66
Checkpoint-1 (19),64
Checkpoint-1 (19),59
Checkpoint-1 (19),58
Checkpoint-1 (19),57
Checkpoint-1 (20),57
Checkpoint-1 (19),56
Checkpoint-1 (19),56
Checkpoint-1 (19),56
Checkpoint-1 (19),56
Checkpoint-1 (19),56
Checkpoint-1 (19),56
Checkpoint-1 (19),56
Checkpoint-1 (21),48
Checkpoint-1 (20),49
Checkpoint-1 (20),50
Checkpoint-1 (20),51
Checkpoint-1 (20),51
Checkpoint-1 (20),51
Checkpoint-1 (20),51
Checkpoint-1 (20),51
Checkpoint-1 (21),51
Checkpoint-1 (20),51
Checkpoint-1 (20),51
Checkpoint-1 (20),51
Checkpoint-1 (21),58
Checkpoint-1 (21),58
Checkpoint-1 (21),59
Checkpoint-1 (21),60
Checkpoint-1 (21),60
Checkpoint-1 (21),60
Checkpoint-1 (21),60
Checkpoint-1 (22),61
Checkpoint-1 (22),61
Checkpoint-1 (22),69
Checkpoint-1 (22),69
Checkpoint-1 (22),71
Checkpoint-1 (23),71
Checkpoint-1 (22),71
Checkpoint-1 (22),71
Checkpoint-1 (22),71
Checkpoint-1 (22),71
Checkpoint-1 (23),72
Checkpoint-1 (23),78
Checkpoint-1 (23),77
Checkpoint-1 (24),76
Checkpoint-1 (23),76
Checkpoint-1 (23),76
Checkpoint-1 (23),76
Checkpoint-1 (23),76
Checkpoint-1 (23),76
Checkpoint-1 (23),75
Checkpoint-1 (23),75
Checkpoint-1 (23),75
Checkpoint-1 (23),75
Checkpoint-1 (23),75
Checkpoint-1 (24),71
Checkpoint-1 (25),69
Checkpoint-1 (24),68
Checkpoint-1 (24),67
Checkpoint-1 (24),66
Checkpoint-1 (24),65
Checkpoint-1 (24),65
Checkpoint-1 (24),65
Checkpoint-1 (24),65
Checkpoint-1 (25),59
Checkpoint-1 (26),58
Checkpoint-1 (25),58
Checkpoint-1 (25),56
Checkpoint-1 (26),56
Checkpoint-1 (25),55
Checkpoint-1 (25),55
Checkpoint-1 (25),55
Checkpoint-1 (25),55
Checkpoint-1 (26),48
Checkpoint-1 (26),48
Checkpoint-1 (27),48
Checkpoint-1 (27),50
Checkpoint-1 (26),50
Checkpoint-1 (26),51
Checkpoint-1 (26),51
Checkpoint-1 (26),51
Checkpoint-1 (26),51
Checkpoint-1 (26),52
Checkpoint-1 (26),52
Checkpoint-1 (26),52
Checkpoint-1 (27),59
Checkpoint-1 (28),59
Checkpoint-1 (27),59
Checkpoint-1 (28),60
Checkpoint-1 (27),60
Checkpoint-1 (27),61
Checkpoint-1 (27),61
Checkpoint-1 (27),61
Checkpoint-1 (27),61
Checkpoint-1 (27),61
Checkpoint-1 (27),61
Checkpoint-1 (28),68
Checkpoint-1 (29),68
Checkpoint-1 (28),68
Checkpoint-1 (28),69
Checkpoint-1 (28),70
Checkpoint-1 (28),70
Checkpoint-1 (28),70
Checkpoint-1 (28),70
Checkpoint-1 (29),70
Checkpoint-1 (29),75
Checkpoint-1 (30),76
Checkpoint-1 (29),76
Checkpoint-1 (29),77
Checkpoint-1 (29),77
Checkpoint-1 (29),77
Checkpoint-1 (29),77
Checkpoint-1 (29),77
Checkpoint-1 (30),79
Checkpoint-1 (30),82
Checkpoint-1 (31),82
Checkpoint-1 (30),82
Checkpoint-1 (31),83
Checkpoint-1 (30),83
Checkpoint-1 (30),83
Checkpoint-1 (30),83
Checkpoint-1 (30),83
Checkpoint-1 (30),83
Checkpoint-1 (31),85
Checkpoint-1 (32),85
Checkpoint-1 (31),85
Checkpoint-1 (32),82
Checkpoint-1 (31),82
Checkpoint-1 (31),83
Checkpoint-1 (31),83
Checkpoint-1 (31),83
Checkpoint-1 (31),83
Checkpoint-1 (32),55
Checkpoint-1 (32),56
Checkpoint-1 (33),56
Checkpoint-1 (33),58
Checkpoint-1 (32),58
Checkpoint-1 (32),58
Checkpoint-1 (32),58
Checkpoint-1 (32),58
Checkpoint-1 (32),58
Checkpoint-1 (33),65
Checkpoint-1 (33),65
Checkpoint-1 (34),65
Checkpoint-1 (33),66
Checkpoint-1 (33),66
Checkpoint-1 (33),67
Checkpoint-1 (33),67
Checkpoint-1 (33),67
Checkpoint-1 (34),68
Checkpoint-1 (34),72
Checkpoint-1 (35),72
Checkpoint-1 (34),72
Checkpoint-1 (35),73
Checkpoint-1 (34),73
Checkpoint-1 (34),74
Checkpoint-1 (34),74
Checkpoint-1 (34),74
Checkpoint-1 (34),74
Checkpoint-1 (34),74
Checkpoint-1 (34),74
Checkpoint-1 (34),74
Checkpoint-1 (34),74
Checkpoint-1 (35),75
Checkpoint-1 (35),79
Checkpoint-1 (36),79
Checkpoint-1 (35),79
Checkpoint-1 (36),80
Checkpoint-1 (35),80
Checkpoint-1 (35),81
Checkpoint-1 (35),81
Checkpoint-1 (35),81
Checkpoint-1 (35),81
Checkpoint-1 (36),86
Checkpoint-1 (37),86
Checkpoint-1 (36),86
Checkpoint-1 (36),87
Checkpoint-1 (36),87
Checkpoint-1 (36),87
Checkpoint-1 (36),87
Checkpoint-1 (36),87
Checkpoint-1 (37),89
Checkpoint-1 (37),92
Checkpoint-1 (37),92
Checkpoint-1 (38),92
Checkpoint-1 (37),93
Checkpoint-1 (37),93
Checkpoint-1 (37),93
Checkpoint-1 (37),93
Checkpoint-1 (37),93
Checkpoint-1 (38),95
Checkpoint-1 (38),98
Checkpoint-1 (39),98
Checkpoint-1 (38),98
Checkpoint-1 (38),99
Checkpoint-1 (38),99
Checkpoint-1 (38),99
Checkpoint-1 (38),99
Checkpoint-1 (38),99
Checkpoint-1 (39),100
Checkpoint-1 (39),103
Checkpoint-1 (40),104
Checkpoint-1 (39),104
Checkpoint-1 (39),104
Checkpoint-1 (39),105
Checkpoint-1 (39),105
Checkpoint-1 (39),105
Checkpoint-1 (39),105
Checkpoint-1 (39),105
Checkpoint-1 (39),105
Checkpoint-1 (40),106
Checkpoint-1 (40),109
Checkpoint-1 (40),109
Checkpoint-1 (41),109
Checkpoint-1 (40),110
Checkpoint-1 (40),110
Checkpoint-1 (40),110
Checkpoint-1 (40),110
Checkpoint-1 (40),110
Checkpoint-1 (41),111
Checkpoint-1 (41),112
Checkpoint-1 (42),112
Checkpoint-1 (41),112
Checkpoint-1 (41),111
Checkpoint-1 (41),110
Checkpoint-1 (41),110
Checkpoint-1 (41),110
Checkpoint-1 (41),110
Checkpoint-1 (42),109
Checkpoint-1 (42),106
Checkpoint-1 (42),106
Checkpoint-1 (43),106
Checkpoint-1 (42),105
Checkpoint-1 (42),105
Checkpoint-1 (42),105
Checkpoint-1 (42),105
Checkpoint-1 (42),105
Checkpoint-1 (43),103
Checkpoint-1 (43),100
Checkpoint-1 (44),100
Checkpoint-1 (43),100
Checkpoint-1 (43),99
Checkpoint-1 (43),99
Checkpoint-1 (43),99
Checkpoint-1 (43),99
Checkpoint-1 (43),99
Checkpoint-1 (44),97
Checkpoint-1 (44),94
Checkpoint-1 (44),94
Checkpoint-1 (45),94
Checkpoint-1 (44),93
Checkpoint-1 (44),93
Checkpoint-1 (44),92
Checkpoint-1 (44),92
Checkpoint-1 (44),92
Checkpoint-1 (45),90
Checkpoint-1 (45),87
Checkpoint-1 (46),87
Checkpoint-1 (45),87
Checkpoint-1 (45),86
Checkpoint-1 (45),86
Checkpoint-1 (45),86
Checkpoint-1 (45),86
Checkpoint-1 (45),86
Checkpoint-1 (46),83
Checkpoint-1 (46),80
Checkpoint-1 (46),80
Checkpoint-1 (46),78
Checkpoint-1 (46),78
Checkpoint-1 (46),78
Checkpoint-1 (46),78
Checkpoint-1 (46),78
Checkpoint-1 (47),77
Checkpoint-1 (48),71
Checkpoint-1 (47),68
Checkpoint-1 (47),68
Checkpoint-1 (47),67
Checkpoint-1 (48),67
Checkpoint-1 (47),64
Checkpoint-1 (47),63
Checkpoint-1 (47),63
Checkpoint-1 (47),63
Checkpoint-1 (47),63
Checkpoint-1 (48),54
Checkpoint-1 (48),54
Checkpoint-1 (49),53
Checkpoint-1 (48),52
Checkpoint-1 (48),53
Checkpoint-1 (48),53
Checkpoint-1 (48),53
Checkpoint-1 (48),53
Checkpoint-1 (48),53
Checkpoint-1 (49),57
Checkpoint-1 (49),61
Checkpoint-1 (49),62
Checkpoint-1 (49),63
Checkpoint-1 (50),63
Checkpoint-1 (49),63
Checkpoint-1 (49),63
Checkpoint-1 (49),63
Checkpoint-1 (49),63
Checkpoint-1 (50),69
Checkpoint-1 (50),71
Checkpoint-1 (50),72
Checkpoint-1 (50),73
Checkpoint-1 (50),73
Checkpoint-1 (50),73
Checkpoint-1 (50),73
Checkpoint-1 (50),73
Checkpoint-1 (51),74
Checkpoint-1 (51),73
Checkpoint-1 (51),71
Checkpoint-1 (52),70
Checkpoint-1 (51),70
Checkpoint-1 (51),69
Checkpoint-1 (51),68
Checkpoint-1 (51),68
Checkpoint-1 (51),68
Checkpoint-1 (51),68
Checkpoint-1 (52),59
Checkpoint-1 (52),57
Checkpoint-1 (52),56
Checkpoint-1 (53),56
Checkpoint-1 (52),56
Checkpoint-1 (52),56
Checkpoint-1 (52),56
Checkpoint-1 (52),56
Checkpoint-1 (52),55
Checkpoint-1 (52),55
Checkpoint-1 (52),55
Checkpoint-1 (52),55
Checkpoint-1 (52),55
Checkpoint-1 (53),54
Checkpoint-1 (53),52
Checkpoint-1 (53),56
Checkpoint-1,56
Checkpoint-1 (53),56
Checkpoint-1 (53),58
Checkpoint-1 (53),58
Checkpoint-1 (53),58
Checkpoint-1 (53),58
Checkpoint-1 (53),58
Checkpoint-1,60
Checkpoint-1,65
Checkpoint-1 (1),65
Checkpoint-1,65
Checkpoint-1,67
Checkpoint-1,67
Checkpoint-1,67
Checkpoint-1,67
Checkpoint-1,67
Checkpoint-1 (1),68
Checkpoint-1 (1),73
Checkpoint-1 (2),73
Checkpoint-1 (1),73
Checkpoint-1 (1),75
Checkpoint-1 (1),75
Checkpoint-1 (1),75
Checkpoint-1 (1),75
Checkpoint-1 (1),75
Checkpoint-1 (2),76
Checkpoint-1 (2),81
Checkpoint-1 (3),81
Checkpoint-1 (2),81
Checkpoint-1 (2),82
Checkpoint-1 (2),82
Checkpoint-1 (2),82
Checkpoint-1 (2),82
Checkpoint-1 (2),82
Checkpoint-1 (3),84
Checkpoint-1 (3),87
Checkpoint-1 (4),87
Checkpoint-1 (3),87
Checkpoint-1 (3),88
Checkpoint-1 (3),89
Checkpoint-1 (3),89
Checkpoint-1 (3),89
Checkpoint-1 (3),89
Checkpoint-1 (4),90
Checkpoint-1 (4),93
Checkpoint-1 (5),94
Checkpoint-1 (4),94
Checkpoint-1 (4),95
Checkpoint-1 (4),95
Checkpoint-1 (4),95
Checkpoint-1 (4),95
Checkpoint-1 (4),95
Checkpoint-1 (5),96
Checkpoint-1 (5),99
Checkpoint-1 (6),99
Checkpoint-1 (5),99
Checkpoint-1 (5),100
Checkpoint-1 (5),100
Checkpoint-1 (5),101
Checkpoint-1 (5),101
Checkpoint-1 (5),101
Checkpoint-1 (6),102
Checkpoint-1 (6),105
Checkpoint-1 (7),105
Checkpoint-1 (6),105
Checkpoint-1 (6),105
Checkpoint-1 (6),106
Checkpoint-1 (6),106
Checkpoint-1 (6),106
Checkpoint-1 (6),106
Checkpoint-1 (7),108
Checkpoint-1 (7),110
Checkpoint-1 (8),110
Checkpoint-1 (7),110
Checkpoint-1 (7),111
Checkpoint-1 (7),111
Checkpoint-1 (7),111
Checkpoint-1 (7),111
Checkpoint-1 (7),111
Checkpoint-1 (8),113
Checkpoint-1 (8),115
Checkpoint-1 (9),115
Checkpoint-1 (8),115
Checkpoint-1 (8),116
Checkpoint-1 (8),116
Checkpoint-1 (8),116
Checkpoint-1 (8),116
Checkpoint-1 (8),116
Checkpoint-1 (9),118
Checkpoint-1 (9),119
Checkpoint-1 (9),119
Checkpoint-1 (10),119
Checkpoint-1 (9),120
Checkpoint-1 (9),120
Checkpoint-1 (9),120
Checkpoint-1 (9),120
Checkpoint-1 (9),120
Checkpoint-1 (10),121
Checkpoint-1 (11),124
Checkpoint-1 (10),124
Checkpoint-1 (10),124
Checkpoint-1 (10),125
Checkpoint-1 (10),125
Checkpoint-1 (10),125
Checkpoint-1 (10),125
Checkpoint-1 (10),125
Checkpoint-1 (11),126
Checkpoint-1 (11),128
Checkpoint-1 (12),128
Checkpoint-1 (11),128
Checkpoint-1 (11),129
Checkpoint-1 (11),129
Checkpoint-1 (11),129
Checkpoint-1 (11),129
Checkpoint-1 (11),129
Checkpoint-1 (12),129
Checkpoint-1 (12),126
Checkpoint-1 (13),125
Checkpoint-1 (12),125
Checkpoint-1 (12),125
Checkpoint-1 (12),124
Checkpoint-1 (12),124
Checkpoint-1 (12),124
Checkpoint-1 (12),124
Checkpoint-1 (13),124
Checkpoint-1 (13),121
Checkpoint-1 (14),120
Checkpoint-1 (13),120
Checkpoint-1 (13),120
Checkpoint-1 (13),119
Checkpoint-1 (13),119
Checkpoint-1 (13),119
Checkpoint-1 (13),119
Checkpoint-1 (14),118
Checkpoint-1 (14),115
Checkpoint-1 (14),115
Checkpoint-1 (15),115
Checkpoint-1 (14),114
Checkpoint-1 (14),114
Checkpoint-1 (14),114
Checkpoint-1 (14),114
Checkpoint-1 (14),114
Checkpoint-1 (15),113
Checkpoint-1 (15),110
Checkpoint-1 (15),110
Checkpoint-1 (16),110
Checkpoint-1 (15),109
Checkpoint-1 (15),109
Checkpoint-1 (15),109
Checkpoint-1 (15),109
Checkpoint-1 (15),109
Checkpoint-1 (16),107
Checkpoint-1 (16),104
Checkpoint-1 (16),104
Checkpoint-1 (17),104
Checkpoint-1 (16),103
Checkpoint-1 (16),103
Checkpoint-1 (16),103
Checkpoint-1 (16),103
Checkpoint-1 (16),103
Checkpoint-1 (17),100
Checkpoint-1 (17),98
Checkpoint-1 (18),98
Checkpoint-1 (17),98
Checkpoint-1 (17),97
Checkpoint-1 (17),97
Checkpoint-1 (17),97
Checkpoint-1 (17),97
Checkpoint-1 (17),97
Checkpoint-1 (17),96
Checkpoint-1 (17),96
Checkpoint-1 (17),96
Checkpoint-1 (18),94
Checkpoint-1 (18),92
Checkpoint-1 (19),91
Checkpoint-1 (18),91
Checkpoint-1 (18),91
Checkpoint-1 (18),90
Checkpoint-1 (18),90
Checkpoint-1 (18),90
Checkpoint-1 (18),90
Checkpoint-1 (19),86
Checkpoint-1 (19),85
Checkpoint-1 (20),84
Checkpoint-1 (19),84
Checkpoint-1 (19),83
Checkpoint-1 (19),83
Checkpoint-1 (19),83
Checkpoint-1 (19),83
Checkpoint-1 (19),83
Checkpoint-1 (19),83
Checkpoint-1 (19),83
Checkpoint-1 (19),83
Checkpoint-1 (21),75
Checkpoint-1 (20),74
Checkpoint-1 (20),73
Checkpoint-1 (21),72
Checkpoint-1 (20),71
Checkpoint-1 (20),71
Checkpoint-1 (20),71
Checkpoint-1 (20),71
Checkpoint-1 (20),71
Checkpoint-1 (20),70
Checkpoint-1 (21),60
Checkpoint-1 (21),60
Checkpoint-1 (21),58
Checkpoint-1 (21),57
Checkpoint-1 (21),57
Checkpoint-1 (21),57
Checkpoint-1 (21),57
Checkpoint-1 (21),57
Checkpoint-1 (21),57
Checkpoint-1 (22),57
Checkpoint-1 (22),61
Checkpoint-1 (22),65
Checkpoint-1 (22),65
Checkpoint-1 (22),66
Checkpoint-1 (23),66
Checkpoint-1 (22),67
Checkpoint-1 (22),67
Checkpoint-1 (22),67
Checkpoint-1 (22),67
Checkpoint-1 (23),72
Checkpoint-1 (23),74
Checkpoint-1 (23),75
Checkpoint-1 (24),75
Checkpoint-1 (23),74
Checkpoint-1 (23),74
Checkpoint-1 (23),74
Checkpoint-1 (23),74
Checkpoint-1 (23),74
Checkpoint-1 (25),68
Checkpoint-1 (24),67
Checkpoint-1 (24),66
Checkpoint-1 (24),65
Checkpoint-1 (24),64
Checkpoint-1 (24),64
Checkpoint-1 (24),64
Checkpoint-1 (24),64
Checkpoint-1 (24),64
Checkpoint-1 (25),57
Checkpoint-1 (26),57
Checkpoint-1 (25),56
Checkpoint-1 (25),54
Checkpoint-1 (26),54
Checkpoint-1 (25),54
Checkpoint-1 (25),54
Checkpoint-1 (25),54
Checkpoint-1 (25),54
Checkpoint-1 (26),45
Checkpoint-1 (27),45
Checkpoint-1 (26),45
Checkpoint-1 (26),47
Checkpoint-1 (26),48
Checkpoint-1 (26),48
Checkpoint-1 (26),48
Checkpoint-1 (26),48
Checkpoint-1 (27),52
Checkpoint-1 (27),56
Checkpoint-1 (28),56
Checkpoint-1 (27),56
Checkpoint-1 (27),58
Checkpoint-1 (27),58
Checkpoint-1 (27),58
Checkpoint-1 (27),58
Checkpoint-1 (27),58
Checkpoint-1 (28),62
Checkpoint-1 (28),65
Checkpoint-1 (29),66
Checkpoint-1 (28),66
Checkpoint-1 (28),67
Checkpoint-1 (28),67
Checkpoint-1 (28),68
Checkpoint-1 (28),68
Checkpoint-1 (28),68
Checkpoint-1 (29),70
Checkpoint-1 (29),74
Checkpoint-1 (30),74
Checkpoint-1 (29),74
Checkpoint-1 (29),75
Checkpoint-1 (29),75
Checkpoint-1 (29),75
Checkpoint-1 (29),75
Checkpoint-1 (29),76
Checkpoint-1 (30),78
Checkpoint-1 (30),81
Checkpoint-1 (31),81
Checkpoint-1 (30),81
Checkpoint-1 (30),82
Checkpoint-1 (30),83
Checkpoint-1 (30),83
Checkpoint-1 (30),83
Checkpoint-1 (30),83
Checkpoint-1 (31),85
Checkpoint-1 (31),88
Checkpoint-1 (32),88
Checkpoint-1 (31),88
Checkpoint-1 (31),89
Checkpoint-1 (31),89
Checkpoint-1 (31),89
Checkpoint-1 (31),89
Checkpoint-1 (31),89
Checkpoint-1 (32),91
Checkpoint-1 (32),94
Checkpoint-1 (33),94
Checkpoint-1 (32),94
Checkpoint-1 (32),95
Checkpoint-1 (32),95
Checkpoint-1 (32),95
Checkpoint-1 (32),95
Checkpoint-1 (32),95
Checkpoint-1 (33),97
Checkpoint-1 (33),100
Checkpoint-1 (34),100
Checkpoint-1 (33),100
Checkpoint-1 (33),101
Checkpoint-1 (33),101
Checkpoint-1 (33),101
Checkpoint-1 (33),101
Checkpoint-1 (33),101
Checkpoint-1 (34),103
Checkpoint-1 (34),105
Checkpoint-1 (35),105
Checkpoint-1 (34),105
Checkpoint-1 (34),106
Checkpoint-1 (34),106
Checkpoint-1 (34),106
Checkpoint-1 (34),106
Checkpoint-1 (34),106
Checkpoint-1 (34),107
Checkpoint-1 (34),107
Checkpoint-1 (34),107
Checkpoint-1 (34),107
Checkpoint-1 (35),109
Checkpoint-1 (35),110
Checkpoint-1 (35),111
Checkpoint-1 (36),111
Checkpoint-1 (35),111
Checkpoint-1 (35),112
Checkpoint-1 (35),112
Checkpoint-1 (35),112
Checkpoint-1 (35),112
Checkpoint-1 (36),114
Checkpoint-1 (36),115
Checkpoint-1 (36),116
Checkpoint-1 (37),116
Checkpoint-1 (36),116
Checkpoint-1 (36),116
Checkpoint-1 (36),116
Checkpoint-1 (36),116
Checkpoint-1 (36),116
Checkpoint-1 (37),119
Checkpoint-1 (37),120
Checkpoint-1 (37),120
Checkpoint-1 (38),120
Checkpoint-1 (37),121
Checkpoint-1 (37),121
Checkpoint-1 (37),121
Checkpoint-1 (37),121
Checkpoint-1 (37),121
Checkpoint-1 (38),123
Checkpoint-1 (38),125
Checkpoint-1 (39),125
Checkpoint-1 (38),125
Checkpoint-1 (38),125
Checkpoint-1 (38),126
Checkpoint-1 (38),126
Checkpoint-1 (38),126
Checkpoint-1 (38),126
Checkpoint-1 (39),128
Checkpoint-1 (39),129
Checkpoint-1 (39),129
Checkpoint-1 (40),129
Checkpoint-1 (39),130
Checkpoint-1 (39),130
Checkpoint-1 (39),130
Checkpoint-1 (39),130
Checkpoint-1 (39),130
Checkpoint-1 (39),130
Checkpoint-1 (40),132
Checkpoint-1 (40),133
Checkpoint-1 (41),133
Checkpoint-1 (40),133
Checkpoint-1 (40),134
Checkpoint-1 (40),134
Checkpoint-1 (40),134
Checkpoint-1 (40),134
Checkpoint-1 (40),134
Checkpoint-1 (41),134
Checkpoint-1 (41),133
Checkpoint-1 (41),133
Checkpoint-1 (42),133
Checkpoint-1 (41),132
Checkpoint-1 (41),132
Checkpoint-1 (41),132
Checkpoint-1 (41),132
Checkpoint-1 (41),132
Checkpoint-1 (42),129
Checkpoint-1 (42),128
Checkpoint-1 (42),128
Checkpoint-1 (43),128
Checkpoint-1 (42),127
Checkpoint-1 (42),127
Checkpoint-1 (42),127
Checkpoint-1 (42),127
Checkpoint-1 (43),124
Checkpoint-1 (43),123
Checkpoint-1 (44),123
Checkpoint-1 (43),123
Checkpoint-1 (43),122
Checkpoint-1 (43),122
Checkpoint-1 (43),122
Checkpoint-1 (43),122
Checkpoint-1 (43),122
Checkpoint-1 (44),120
Checkpoint-1 (44),118
Checkpoint-1 (45),118
Checkpoint-1 (44),118
Checkpoint-1 (44),117
Checkpoint-1 (44),117
Checkpoint-1 (44),117
Checkpoint-1 (44),117
Checkpoint-1 (44),117
Checkpoint-1 (45),114
Checkpoint-1 (45),113
Checkpoint-1 (45),113
Checkpoint-1 (46),113
Checkpoint-1 (45),112
Checkpoint-1 (45),111
Checkpoint-1 (45),111
Checkpoint-1 (45),111
Checkpoint-1 (45),111
Checkpoint-1 (46),108
Checkpoint-1 (46),107
Checkpoint-1 (46),107
Checkpoint-1 (46),106
Checkpoint-1 (46),106
Checkpoint-1 (46),106
Checkpoint-1 (46),106
Checkpoint-1 (46),106
Checkpoint-1 (47),106
Checkpoint-1 (48),100
Checkpoint-1 (47),97
Checkpoint-1 (47),96
Checkpoint-1 (47),96
Checkpoint-1 (48),95
Checkpoint-1 (47),92
Checkpoint-1 (47),91
Checkpoint-1 (47),91
Checkpoint-1 (47),91
Checkpoint-1 (47),91
Checkpoint-1 (48),79
Checkpoint-1 (48),78
Checkpoint-1 (49),76
Checkpoint-1 (48),75
Checkpoint-1 (48),74
Checkpoint-1 (48),74
Checkpoint-1 (48),74
Checkpoint-1 (48),74
Checkpoint-1 (49),69
Checkpoint-1 (49),65
Checkpoint-1 (49),65
Checkpoint-1 (49),63
Checkpoint-1 (50),63
Checkpoint-1 (49),63
Checkpoint-1 (49),63
Checkpoint-1 (49),63
Checkpoint-1 (49),63
Checkpoint-1 (50),58
Checkpoint-1 (50),53
Checkpoint-1 (50),52
Checkpoint-1 (50),51
Checkpoint-1 (50),50
Checkpoint-1 (50),50
Checkpoint-1 (50),50
Checkpoint-1 (50),50
Checkpoint-1 (51),49
Checkpoint-1 (51),45
Checkpoint-1 (52),47
Checkpoint-1 (51),47
Checkpoint-1 (51),48
Checkpoint-1 (51),49
Checkpoint-1 (51),50
Checkpoint-1 (51),50
Checkpoint-1 (51),50
Checkpoint-1 (51),50
Checkpoint-1 (51),51
Checkpoint-1 (51),51
Checkpoint-1 (51),51
Checkpoint-1 (52),57
Checkpoint-1 (52),58
Checkpoint-1 (52),59
Checkpoint-1 (52),59
Checkpoint-1 (52),59
Checkpoint-1 (53),59
Checkpoint-1 (52),59
Checkpoint-1 (52),59
Checkpoint-1 (53),60
Checkpoint-1 (53),64
Checkpoint-1 (53),66
Checkpoint-1,66
Checkpoint-1 (53),66
Checkpoint-1 (53),68
Checkpoint-1 (53),68
Checkpoint-1 (53),68
Checkpoint-1 (53),68
Checkpoint-1 (53),68
Checkpoint-1,71
Checkpoint-1,74
Checkpoint-1 (1),74
Checkpoint-1,74
Checkpoint-1,75
Checkpoint-1,76
Checkpoint-1,76
Checkpoint-1,76
Checkpoint-1,76
Checkpoint-1 (1),78
Checkpoint-1 (1),81
Checkpoint-1 (2),81
Checkpoint-1 (1),81
Checkpoint-1 (1),82
Checkpoint-1 (1),83
Checkpoint-1 (1),83
Checkpoint-1 (1),83
Checkpoint-1 (1),83
Checkpoint-1 (2),85
Checkpoint-1 (2),88
Checkpoint-1 (2),88
Checkpoint-1 (3),88
Checkpoint-1 (2),89
Checkpoint-1 (2),89
Checkpoint-1 (2),89
Checkpoint-1 (2),89
Checkpoint-1 (2),89
Checkpoint-1 (3),92
Checkpoint-1 (3),94
Checkpoint-1 (3),94
Checkpoint-1 (4),94
Checkpoint-1 (3),95
Checkpoint-1 (3),95
Checkpoint-1 (3),95
Checkpoint-1 (3),95
Checkpoint-1 (3),95
Checkpoint-1 (4),96
Checkpoint-1 (4),100
Checkpoint-1 (5),100
Checkpoint-1 (4),100
Checkpoint-1 (4),101
Checkpoint-1 (4),101
Checkpoint-1 (4),101
Checkpoint-1 (4),101
Checkpoint-1 (4),101
Checkpoint-1 (5),102
Checkpoint-1 (5),105
Checkpoint-1 (6),105
Checkpoint-1 (5),105
Checkpoint-1 (5),106
Checkpoint-1 (5),106
Checkpoint-1 (5),106
Checkpoint-1 (5),106
Checkpoint-1 (5),106
Checkpoint-1 (6),107
Checkpoint-1 (6),110
Checkpoint-1 (7),110
Checkpoint-1 (6),110
Checkpoint-1 (6),111
Checkpoint-1 (6),112
Checkpoint-1 (6),112
Checkpoint-1 (6),112
Checkpoint-1 (6),112
Checkpoint-1 (7),112
Checkpoint-1 (7),115
Checkpoint-1 (8),115
Checkpoint-1 (7),115
Checkpoint-1 (7),116
Checkpoint-1 (7),116
Checkpoint-1 (7),116
Checkpoint-1 (7),116
Checkpoint-1 (7),116
Checkpoint-1 (8),118
Checkpoint-1 (8),120
Checkpoint-1 (9),120
Checkpoint-1 (8),120
Checkpoint-1 (8),121
Checkpoint-1 (8),121
Checkpoint-1 (8),121
Checkpoint-1 (8),121
Checkpoint-1 (8),121
Checkpoint-1 (9),122
Checkpoint-1 (9),124
Checkpoint-1 (10),125
Checkpoint-1 (9),125
Checkpoint-1 (9),125
Checkpoint-1 (9),126
Checkpoint-1 (9),126
Checkpoint-1 (9),126
Checkpoint-1 (9),126
Checkpoint-1 (10),127
Checkpoint-1 (10),129
Checkpoint-1 (10),129
Checkpoint-1 (11),129
Checkpoint-1 (10),130
Checkpoint-1 (10),130
Checkpoint-1 (10),130
Checkpoint-1 (10),130
Checkpoint-1 (10),130
Checkpoint-1 (11),131
Checkpoint-1 (11),133
Checkpoint-1 (12),133
Checkpoint-1 (11),133
Checkpoint-1 (11),134
Checkpoint-1 (11),134
Checkpoint-1 (11),134
Checkpoint-1 (11),134
Checkpoint-1 (11),134
Checkpoint-1 (12),136
Checkpoint-1 (12),137
Checkpoint-1 (13),137
Checkpoint-1 (12),137
Checkpoint-1 (12),138
Checkpoint-1 (12),137
Checkpoint-1 (12),137
Checkpoint-1 (12),137
Checkpoint-1 (12),137
Checkpoint-1 (13),135
Checkpoint-1 (13),134
Checkpoint-1 (13),134
Checkpoint-1 (14),134
Checkpoint-1 (13),133
Checkpoint-1 (13),133
Checkpoint-1 (13),133
Checkpoint-1 (13),133
Checkpoint-1 (14),130
Checkpoint-1 (14),129
Checkpoint-1 (15),129
Checkpoint-1 (14),129
Checkpoint-1 (14),128
Checkpoint-1 (14),128
Checkpoint-1 (14),128
Checkpoint-1 (14),128
Checkpoint-1 (14),128
Checkpoint-1 (15),126
Checkpoint-1 (15),124
Checkpoint-1 (16),124
Checkpoint-1 (15),124
Checkpoint-1 (15),123
Checkpoint-1 (15),123
Checkpoint-1 (15),123
Checkpoint-1 (15),123
Checkpoint-1 (15),123
Checkpoint-1 (16),121
Checkpoint-1 (16),119
Checkpoint-1 (16),119
Checkpoint-1 (17),119
Checkpoint-1 (16),118
Checkpoint-1 (16),118
Checkpoint-1 (16),118
Checkpoint-1 (16),118
Checkpoint-1 (16),118
Checkpoint-1 (17),116
Checkpoint-1 (17),114
Checkpoint-1 (18),114
Checkpoint-1 (17),114
Checkpoint-1 (17),113
Checkpoint-1 (17),113
Checkpoint-1 (17),113
Checkpoint-1 (17),113
Checkpoint-1 (17),113
Checkpoint-1 (18),110
Checkpoint-1 (18),109
Checkpoint-1 (19),108
Checkpoint-1 (18),108
Checkpoint-1 (18),108
Checkpoint-1 (18),107
Checkpoint-1 (18),107
Checkpoint-1 (18),107
Checkpoint-1 (18),107
Checkpoint-1 (19),104
Checkpoint-1 (19),102
Checkpoint-1 (20),102
Checkpoint-1 (19),102
Checkpoint-1 (19),101
Checkpoint-1 (19),100
Checkpoint-1 (19),100
Checkpoint-1 (19),100
Checkpoint-1 (19),100
Checkpoint-1 (21),94
Checkpoint-1 (20),92
Checkpoint-1 (21),92
Checkpoint-1 (20),91
Checkpoint-1 (20),91
Checkpoint-1 (20),90
Checkpoint-1 (20),90
Checkpoint-1 (20),90
Checkpoint-1 (20),90
Checkpoint-1 (21),76
Checkpoint-1 (21),75
Checkpoint-1 (21),73
Checkpoint-1 (21),72
Checkpoint-1 (21),72
Checkpoint-1 (21),72
Checkpoint-1 (21),72
Checkpoint-1 (22),71
Checkpoint-1 (22),66
Checkpoint-1 (22),63
Checkpoint-1 (22),62
Checkpoint-1 (22),61
Checkpoint-1 (23),60
Checkpoint-1 (22),60
Checkpoint-1 (22),60
Checkpoint-1 (22),60
Checkpoint-1 (22),60
Checkpoint-1 (23),53
Checkpoint-1 (23),50
Checkpoint-1 (23),49
Checkpoint-1 (23),47
Checkpoint-1 (23),47
Checkpoint-1 (23),47
Checkpoint-1 (23),47
Checkpoint-1 (23),47
Checkpoint-1 (24),46
Checkpoint-1 (25),38
Checkpoint-1 (24),41
Checkpoint-1 (24),41
Checkpoint-1 (24),42
Checkpoint-1 (24),44
Checkpoint-1 (24),44
Checkpoint-1 (24),44
Checkpoint-1 (24),45
Checkpoint-1 (24),45
Checkpoint-1 (24),45
Checkpoint-1 (24),45
Checkpoint-1 (24),45
Checkpoint-1 (26),50
Checkpoint-1 (25),50
Checkpoint-1 (25),52
Checkpoint-1 (26),52
Checkpoint-1 (25),52
Checkpoint-1 (25),53
Checkpoint-1 (25),53
Checkpoint-1 (25),53
Checkpoint-1 (25),53
Checkpoint-1 (26),59
Checkpoint-1 (27),60
Checkpoint-1 (26),60
Checkpoint-1 (26),61
Checkpoint-1 (26),62
Checkpoint-1 (26),62
Checkpoint-1 (26),62
Checkpoint-1 (26),62
Checkpoint-1 (26),62
Checkpoint-1 (26),62
Checkpoint-1 (26),62
Checkpoint-1 (27),64
Checkpoint-1 (27),68
Checkpoint-1 (28),68
Checkpoint-1 (27),68
Checkpoint-1 (27),70
Checkpoint-1 (27),70
Checkpoint-1 (27),70
Checkpoint-1 (27),70
Checkpoint-1 (27),70
Checkpoint-1 (28),73
Checkpoint-1 (28),76
Checkpoint-1 (29),76
Checkpoint-1 (28),76
Checkpoint-1 (28),77
Checkpoint-1 (28),78
Checkpoint-1 (28),78
Checkpoint-1 (28),78
Checkpoint-1 (28),78
Checkpoint-1 (29),80
Checkpoint-1 (29),83
Checkpoint-1 (30),83
Checkpoint-1 (29),83
Checkpoint-1 (29),84
Checkpoint-1 (29),85
Checkpoint-1 (29),85
Checkpoint-1 (29),85
Checkpoint-1 (29),85
Checkpoint-1 (29),85
Checkpoint-1 (29),85
Checkpoint-1 (30),87
Checkpoint-1 (30),90
Checkpoint-1 (31),90
Checkpoint-1 (30),90
Checkpoint-1 (30),91
Checkpoint-1 (30),91
Checkpoint-1 (30),91
Checkpoint-1 (30),91
Checkpoint-1 (30),91
Checkpoint-1 (31),93
Checkpoint-1 (31),96
Checkpoint-1 (32),96
Checkpoint-1 (31),96
Checkpoint-1 (31),97
Checkpoint-1 (31),97
Checkpoint-1 (31),97
Checkpoint-1 (31),97
Checkpoint-1 (31),97
Checkpoint-1 (32),99
Checkpoint-1 (32),101
Checkpoint-1 (33),102
Checkpoint-1 (32),102
Checkpoint-1 (32),102
Checkpoint-1 (32),103
Checkpoint-1 (32),103
Checkpoint-1 (32),103
Checkpoint-1 (32),103
Checkpoint-1 (33),104
Checkpoint-1 (33),107
Checkpoint-1 (34),107
Checkpoint-1 (33),107
Checkpoint-1 (33),108
Checkpoint-1 (33),108
Checkpoint-1 (33),108
Checkpoint-1 (33),108
Checkpoint-1 (33),108
Checkpoint-1 (34),110
Checkpoint-1 (34),112
Checkpoint-1 (35),112
Checkpoint-1 (34),112
Checkpoint-1 (34),113
Checkpoint-1 (34),113
Checkpoint-1 (34),113
Checkpoint-1 (34),113
Checkpoint-1 (34),113
Checkpoint-1 (35),114
Checkpoint-1 (35),117
Checkpoint-1 (36),117
Checkpoint-1 (35),117
Checkpoint-1 (35),118
Checkpoint-1 (35),118
Checkpoint-1 (35),118
Checkpoint-1 (35),118
Checkpoint-1 (35),118
Checkpoint-1 (36),119
Checkpoint-1 (36),121
Checkpoint-1 (37),122
Checkpoint-1 (36),122
Checkpoint-1 (36),122
Checkpoint-1 (36),122
Checkpoint-1 (36),122
Checkpoint-1 (36),122
Checkpoint-1 (36),122
Checkpoint-1 (37),124
Checkpoint-1 (37),126
Checkpoint-1 (38),126
Checkpoint-1 (37),126
Checkpoint-1 (37),127
Checkpoint-1 (37),127
Checkpoint-1 (37),127
Checkpoint-1 (37),127
Checkpoint-1 (37),127
Checkpoint-1 (37),127
Checkpoint-1 (38),128
Checkpoint-1 (38),130
Checkpoint-1 (39),130
Checkpoint-1 (38),130
Checkpoint-1 (38),131
Checkpoint-1 (38),131
Checkpoint-1 (38),131
Checkpoint-1 (38),131
Checkpoint-1 (38),131
Checkpoint-1 (39),132
Checkpoint-1 (39),131
Checkpoint-1 (40),131
Checkpoint-1 (39),131
Checkpoint-1 (39),130
Checkpoint-1 (39),130
Checkpoint-1 (39),130
Checkpoint-1 (39),130
Checkpoint-1 (39),130
Checkpoint-1 (40),128
Checkpoint-1 (40),126
Checkpoint-1 (41),126
Checkpoint-1 (40),126
Checkpoint-1 (40),125
Checkpoint-1 (40),125
Checkpoint-1 (40),125
Checkpoint-1 (40),125
Checkpoint-1 (40),125
Checkpoint-1 (41),123
Checkpoint-1 (41),121
Checkpoint-1 (42),121
Checkpoint-1 (41),121
Checkpoint-1 (41),120
Checkpoint-1 (41),120
Checkpoint-1 (41),120
Checkpoint-1 (41),120
Checkpoint-1 (41),120
Checkpoint-1 (42),118
Checkpoint-1 (42),116
Checkpoint-1 (43),116
Checkpoint-1 (42),116
Checkpoint-1 (42),115
Checkpoint-1 (42),115
Checkpoint-1 (42),115
Checkpoint-1 (42),115
Checkpoint-1 (42),115
Checkpoint-1 (43),113
Checkpoint-1 (43),110
Checkpoint-1 (44),110
Checkpoint-1 (43),110
Checkpoint-1 (43),109
Checkpoint-1 (43),109
Checkpoint-1 (43),109
Checkpoint-1 (43),109
Checkpoint-1 (43),109
Checkpoint-1 (44),108
Checkpoint-1 (44),105
Checkpoint-1 (44),104
Checkpoint-1 (45),104
Checkpoint-1 (44),104
Checkpoint-1 (44),103
Checkpoint-1 (44),103
Checkpoint-1 (44),103
Checkpoint-1 (44),103
Checkpoint-1 (45),101
Checkpoint-1 (45),99
Checkpoint-1 (46),98
Checkpoint-1 (45),98
Checkpoint-1 (45),97
Checkpoint-1 (45),97
Checkpoint-1 (45),97
Checkpoint-1 (45),97
Checkpoint-1 (45),97
Checkpoint-1 (46),94
Checkpoint-1 (46),92
Checkpoint-1 (46),92
Checkpoint-1 (46),91
Checkpoint-1 (46),90
Checkpoint-1 (46),90
Checkpoint-1 (46),90
Checkpoint-1 (46),90
Checkpoint-1 (47),90
Checkpoint-1 (48),85
Checkpoint-1 (48),81
Checkpoint-1 (47),81
Checkpoint-1 (47),80
Checkpoint-1 (47),78
Checkpoint-1 (47),77
Checkpoint-1 (47),77
Checkpoint-1 (47),77
Checkpoint-1 (47),77
Checkpoint-1 (47),77
Checkpoint-1 (47),77
Checkpoint-1 (47),77
Checkpoint-1 (47),77
Checkpoint-1 (47),77
Checkpoint-1 (48),69
Checkpoint-1 (48),69
Checkpoint-1 (49),67
Checkpoint-1 (48),66
Checkpoint-1 (48),66
Checkpoint-1 (48),66
Checkpoint-1 (48),66
Checkpoint-1 (48),66
Checkpoint-1 (48),65
Checkpoint-1 (48),65
Checkpoint-1 (48),65
Checkpoint-1 (49),65
Checkpoint-1 (49),57
Checkpoint-1 (49),58
Checkpoint-1 (49),59
Checkpoint-1 (50),59
Checkpoint-1 (49),60
Checkpoint-1 (49),60
Checkpoint-1 (49),60
Checkpoint-1 (49),60
Checkpoint-1 (49),60
Checkpoint-1 (50),63
Checkpoint-1 (50),68
Checkpoint-1 (50),68
Checkpoint-1 (50),70
Checkpoint-1 (50),70
Checkpoint-1 (50),70
Checkpoint-1 (50),70
Checkpoint-1 (50),70
Checkpoint-1 (51),71
Checkpoint-1 (51),75
Checkpoint-1 (51),78
Checkpoint-1 (52),78
Checkpoint-1 (51),78
Checkpoint-1 (51),79
Checkpoint-1 (51),80
Checkpoint-1 (51),80
Checkpoint-1 (51),80
Checkpoint-1 (51),80
Checkpoint-1 (52),83
Checkpoint-1 (52),83
Checkpoint-1 (52),83
Checkpoint-1 (52),83
Checkpoint-1 (52),83
Checkpoint-1 (52),83
Checkpoint-1 (52),83
Checkpoint-1 (53),83
Checkpoint-1 (53),83
Checkpoint-1 (53),83
Checkpoint-1,84
Checkpoint-1 (53),84
Checkpoint-1 (53),84
Checkpoint-1 (53),85
Checkpoint-1 (53),85
Checkpoint-1 (53),85
Checkpoint-1 (53),85
Checkpoint-1 (53),85
