Checkpoint-1,0
Checkpoint-1,0
Checkpoint-1,24
Checkpoint-1,25
Checkpoint-1 (1),26
Checkpoint-1,28
Checkpoint-1,29
Checkpoint-1,29
Checkpoint-1,29
Checkpoint-1,29
Checkpoint-1 (1),33
Checkpoint-1 (1),42
Checkpoint-1 (1),42
Checkpoint-1 (2),43
Checkpoint-1 (1),44
Checkpoint-1 (1),45
Checkpoint-1 (1),45
Checkpoint-1 (1),45
Checkpoint-1 (1),45
Checkpoint-1 (2),48
Checkpoint-1 (2),54
Checkpoint-1 (2),54
Checkpoint-1 (3),54
Checkpoint-1 (2),55
Checkpoint-1 (2),56
Checkpoint-1 (2),56
Checkpoint-1 (2),56
Checkpoint-1 (2),56
Checkpoint-1 (2),56
Checkpoint-1 (2),56
Checkpoint-1 (2),56
Checkpoint-1 (2),56
Checkpoint-1 (3),59
Checkpoint-1 (3),63
Checkpoint-1 (3),63
Checkpoint-1 (4),64
Checkpoint-1 (3),65
Checkpoint-1 (3),65
Checkpoint-1 (3),65
Checkpoint-1 (3),65
Checkpoint-1 (3),65
Checkpoint-1 (4),68
Checkpoint-1 (4),72
Checkpoint-1 (4),72
Checkpoint-1 (5),72
Checkpoint-1 (4),73
Checkpoint-1 (4),73
Checkpoint-1 (4),73
Checkpoint-1 (4),73
Checkpoint-1 (4),73
Checkpoint-1 (5),76
Checkpoint-1 (5),79
Checkpoint-1 (5),79
Checkpoint-1 (5),80
Checkpoint-1 (6),81
Checkpoint-1 (5),81
Checkpoint-1 (5),81
Checkpoint-1 (5),81
Checkpoint-1 (5),81
Checkpoint-1 (5),81
Checkpoint-1 (5),81
Checkpoint-1 (6),83
Checkpoint-1 (6),86
Checkpoint-1 (6),86
Checkpoint-1 (7),87
Checkpoint-1 (6),87
Checkpoint-1 (6),87
Checkpoint-1 (6),87
Checkpoint-1 (6),87
Checkpoint-1 (6),87
Checkpoint-1 (6),88
Checkpoint-1 (6),88
Checkpoint-1 (6),88
Checkpoint-1 (6),88
Checkpoint-1 (6),88
Checkpoint-1 (7),89
Checkpoint-1 (7),92
Checkpoint-1 (7),92
Checkpoint-1 (8),93
Checkpoint-1 (7),93
Checkpoint-1 (7),94
Checkpoint-1 (7),94
Checkpoint-1 (7),94
Checkpoint-1 (7),94
Checkpoint-1 (8),96
Checkpoint-1 (8),98
Checkpoint-1 (8),98
Checkpoint-1 (9),99
Checkpoint-1 (8),99
Checkpoint-1 (8),99
Checkpoint-1 (8),99
Checkpoint-1 (8),99
Checkpoint-1 (8),99
Checkpoint-1 (9),101
Checkpoint-1 (9),104
Checkpoint-1 (9),104
Checkpoint-1 (10),104
Checkpoint-1 (9),105
Checkpoint-1 (9),105
Checkpoint-1 (9),105
Checkpoint-1 (9),105
Checkpoint-1 (9),105
Checkpoint-1 (9),105
Checkpoint-1 (9),105
Checkpoint-1 (9),105
Checkpoint-1 (9),105
Checkpoint-1 (9),105
Checkpoint-1 (10),107
Checkpoint-1 (10),105
Checkpoint-1 (10),105
Checkpoint-1 (11),104
Checkpoint-1 (10),104
Checkpoint-1 (10),103
Checkpoint-1 (10),103
Checkpoint-1 (10),103
Checkpoint-1 (10),103
Checkpoint-1 (11),101
Checkpoint-1 (11),99
Checkpoint-1 (11),99
Checkpoint-1 (12),98
Checkpoint-1 (11),98
Checkpoint-1 (11),97
Checkpoint-1 (11),97
Checkpoint-1 (11),97
Checkpoint-1 (11),97
Checkpoint-1 (12),95
Checkpoint-1 (12),92
Checkpoint-1 (12),92
Checkpoint-1 (13),92
Checkpoint-1 (12),91
Checkpoint-1 (12),91
Checkpoint-1 (12),91
Checkpoint-1 (12),91
Checkpoint-1 (12),91
Checkpoint-1 (13),89
Checkpoint-1 (13),86
Checkpoint-1 (13),85
Checkpoint-1 (14),85
Checkpoint-1 (13),84
Checkpoint-1 (13),84
Checkpoint-1 (13),84
Checkpoint-1 (13),84
Checkpoint-1 (13),84
Checkpoint-1 (14),82
Checkpoint-1 (14),80
Checkpoint-1 (14),80
Checkpoint-1 (15),80
Checkpoint-1 (14),81
Checkpoint-1 (14),81
Checkpoint-1 (14),81
Checkpoint-1 (14),81
Checkpoint-1 (14),81
Checkpoint-1 (15),83
Checkpoint-1 (15),85
Checkpoint-1 (15),85
Checkpoint-1 (16),84
Checkpoint-1 (15),84
Checkpoint-1 (15),83
Checkpoint-1 (15),83
Checkpoint-1 (15),83
Checkpoint-1 (15),83
Checkpoint-1 (16),81
Checkpoint-1 (16),78
Checkpoint-1 (16),77
Checkpoint-1 (17),77
Checkpoint-1 (16),76
Checkpoint-1 (16),76
Checkpoint-1 (16),76
Checkpoint-1 (16),76
Checkpoint-1 (16),76
Checkpoint-1 (16),75
Checkpoint-1 (17),73
Checkpoint-1 (17),69
Checkpoint-1 (17),69
Checkpoint-1 (18),68
Checkpoint-1 (17),68
Checkpoint-1 (17),67
Checkpoint-1 (17),67
Checkpoint-1 (17),67
Checkpoint-1 (17),67
Checkpoint-1 (17),67
Checkpoint-1 (17),67
Checkpoint-1 (17),67
Checkpoint-1 (17),67
Checkpoint-1 (17),67
Checkpoint-1 (18),64
Checkpoint-1 (18),60
Checkpoint-1 (18),60
Checkpoint-1 (19),60
Checkpoint-1 (18),61
Checkpoint-1 (18),61
Checkpoint-1 (18),61
Checkpoint-1 (18),61
Checkpoint-1 (18),61
Checkpoint-1 (19),64
Checkpoint-1 (19),66
Checkpoint-1 (19),66
Checkpoint-1 (19),64
Checkpoint-1 (19),64
Checkpoint-1 (19),64
Checkpoint-1 (19),64
Checkpoint-1 (19),64
Checkpoint-1 (20),64
Checkpoint-1 (20),57
Checkpoint-1 (20),51
Checkpoint-1 (20),51
Checkpoint-1 (20),49
Checkpoint-1 (20),48
Checkpoint-1 (20),48
Checkpoint-1 (21),48
Checkpoint-1 (20),48
Checkpoint-1 (20),48
Checkpoint-1 (21),42
Checkpoint-1 (21),47
Checkpoint-1 (21),47
Checkpoint-1 (21),49
Checkpoint-1 (21),49
Checkpoint-1 (21),49
Checkpoint-1 (21),49
Checkpoint-1 (21),49
Checkpoint-1 (22),52
Checkpoint-1 (22),55
Checkpoint-1 (22),60
Checkpoint-1 (22),61
Checkpoint-1 (22),62
Checkpoint-1 (22),63
Checkpoint-1 (22),63
Checkpoint-1 (22),63
Checkpoint-1 (22),63
Checkpoint-1 (23),64
Checkpoint-1 (23),66
Checkpoint-1 (23),71
Checkpoint-1 (23),71
Checkpoint-1 (23),72
Checkpoint-1 (23),73
Checkpoint-1 (23),73
Checkpoint-1 (23),73
Checkpoint-1 (23),73
Checkpoint-1 (23),73
Checkpoint-1 (23),73
Checkpoint-1 (23),73
Checkpoint-1 (23),73
Checkpoint-1 (24),73
Checkpoint-1 (24),75
Checkpoint-1 (24),78
Checkpoint-1 (24),78
Checkpoint-1 (24),78
Checkpoint-1 (24),79
Checkpoint-1 (24),79
Checkpoint-1 (24),79
Checkpoint-1 (24),79
Checkpoint-1 (25),80
Checkpoint-1 (25),80
Checkpoint-1 (25),82
Checkpoint-1 (25),82
Checkpoint-1 (25),80
Checkpoint-1 (25),80
Checkpoint-1 (25),80
Checkpoint-1 (25),80
Checkpoint-1 (25),79
Checkpoint-1 (26),79
Checkpoint-1 (26),77
Checkpoint-1 (26),76
Checkpoint-1 (26),76
Checkpoint-1 (26),77
Checkpoint-1 (26),78
Checkpoint-1 (26),78
Checkpoint-1 (26),78
Checkpoint-1 (26),78
Checkpoint-1 (27),79
Checkpoint-1 (27),79
Checkpoint-1 (27),79
Checkpoint-1 (27),83
Checkpoint-1 (27),83
Checkpoint-1 (27),84
Checkpoint-1 (27),84
Checkpoint-1 (27),84
Checkpoint-1 (27),84
Checkpoint-1 (27),84
Checkpoint-1 (28),85
Checkpoint-1 (28),86
Checkpoint-1 (28),89
Checkpoint-1 (28),89
Checkpoint-1 (28),90
Checkpoint-1 (28),91
Checkpoint-1 (28),91
Checkpoint-1 (28),91
Checkpoint-1 (28),91
Checkpoint-1 (29),91
Checkpoint-1 (29),92
Checkpoint-1 (29),95
Checkpoint-1 (29),95
Checkpoint-1 (29),96
Checkpoint-1 (29),96
Checkpoint-1 (29),96
Checkpoint-1 (29),96
Checkpoint-1 (29),96
Checkpoint-1 (30),97
Checkpoint-1 (30),98
Checkpoint-1 (30),101
Checkpoint-1 (30),101
Checkpoint-1 (30),102
Checkpoint-1 (31),102
Checkpoint-1 (30),102
Checkpoint-1 (30),102
Checkpoint-1 (30),102
Checkpoint-1 (30),102
Checkpoint-1 (31),103
Checkpoint-1 (31),106
Checkpoint-1 (31),106
Checkpoint-1 (31),107
Checkpoint-1 (31),107
Checkpoint-1 (31),107
Checkpoint-1 (31),107
Checkpoint-1 (31),107
Checkpoint-1 (32),107
Checkpoint-1 (32),108
Checkpoint-1 (32),110
Checkpoint-1 (32),110
Checkpoint-1 (32),111
Checkpoint-1 (32),111
Checkpoint-1 (32),111
Checkpoint-1 (32),111
Checkpoint-1 (32),111
Checkpoint-1 (33),111
Checkpoint-1 (32),111
Checkpoint-1 (33),112
Checkpoint-1 (33),115
Checkpoint-1 (33),115
Checkpoint-1 (33),115
Checkpoint-1 (34),115
Checkpoint-1 (33),116
Checkpoint-1 (33),116
Checkpoint-1 (33),116
Checkpoint-1 (33),116
Checkpoint-1 (34),117
Checkpoint-1 (34),119
Checkpoint-1 (34),119
Checkpoint-1 (34),119
Checkpoint-1 (34),120
Checkpoint-1 (34),120
Checkpoint-1 (34),120
Checkpoint-1 (34),120
Checkpoint-1 (35),121
Checkpoint-1 (35),122
Checkpoint-1 (35),123
Checkpoint-1 (35),123
Checkpoint-1 (35),124
Checkpoint-1 (35),124
Checkpoint-1 (35),124
Checkpoint-1 (35),124
Checkpoint-1 (35),124
Checkpoint-1 (36),125
Checkpoint-1 (36),126
Checkpoint-1 (36),127
Checkpoint-1 (36),128
Checkpoint-1 (36),128
Checkpoint-1 (36),128
Checkpoint-1 (36),128
Checkpoint-1 (36),128
Checkpoint-1 (36),128
Checkpoint-1 (37),129
Checkpoint-1 (37),129
Checkpoint-1 (37),131
Checkpoint-1 (37),131
Checkpoint-1 (38),131
Checkpoint-1 (37),131
Checkpoint-1 (37),131
Checkpoint-1 (37),131
Checkpoint-1 (37),131
Checkpoint-1 (37),131
Checkpoint-1 (37),131
Checkpoint-1 (37),131
Checkpoint-1 (37),131
Checkpoint-1 (38),131
Checkpoint-1 (38),128
Checkpoint-1 (38),128
Checkpoint-1 (38),127
Checkpoint-1 (39),127
Checkpoint-1 (38),126
Checkpoint-1 (38),126
Checkpoint-1 (38),126
Checkpoint-1 (38),126
Checkpoint-1 (39),124
Checkpoint-1 (39),119
Checkpoint-1 (39),119
Checkpoint-1 (39),118
Checkpoint-1 (39),118
Checkpoint-1 (39),118
Checkpoint-1 (39),118
Checkpoint-1 (39),118
Checkpoint-1 (40),117
Checkpoint-1 (40),116
Checkpoint-1 (40),114
Checkpoint-1 (40),114
Checkpoint-1 (40),113
Checkpoint-1 (40),113
Checkpoint-1 (40),113
Checkpoint-1 (40),113
Checkpoint-1 (40),113
Checkpoint-1 (41),111
Checkpoint-1 (41),109
Checkpoint-1 (41),107
Checkpoint-1 (41),107
Checkpoint-1 (41),106
Checkpoint-1 (41),105
Checkpoint-1 (41),105
Checkpoint-1 (41),105
Checkpoint-1 (41),105
Checkpoint-1 (42),104
Checkpoint-1 (42),104
Checkpoint-1 (42),101
Checkpoint-1 (42),101
Checkpoint-1 (42),100
Checkpoint-1 (42),99
Checkpoint-1 (42),99
Checkpoint-1 (42),99
Checkpoint-1 (42),99
Checkpoint-1 (43),99
Checkpoint-1 (43),98
Checkpoint-1 (43),94
Checkpoint-1 (43),94
Checkpoint-1 (43),93
Checkpoint-1 (43),93
Checkpoint-1 (43),93
Checkpoint-1 (43),93
Checkpoint-1 (43),93
Checkpoint-1 (44),92
Checkpoint-1 (44),91
Checkpoint-1 (44),88
Checkpoint-1 (44),88
Checkpoint-1 (44),86
Checkpoint-1 (44),86
Checkpoint-1 (44),86
Checkpoint-1 (44),86
Checkpoint-1 (44),86
Checkpoint-1 (45),85
Checkpoint-1 (45),84
Checkpoint-1 (45),80
Checkpoint-1 (45),80
Checkpoint-1 (45),79
Checkpoint-1 (45),78
Checkpoint-1 (45),78
Checkpoint-1 (45),78
Checkpoint-1 (45),78
Checkpoint-1 (46),77
Checkpoint-1 (46),76
Checkpoint-1 (46),72
Checkpoint-1 (46),72
Checkpoint-1 (46),70
Checkpoint-1 (46),70
Checkpoint-1 (46),70
Checkpoint-1 (46),70
Checkpoint-1 (46),70
Checkpoint-1 (47),62
Checkpoint-1 (47),61
Checkpoint-1 (47),55
Checkpoint-1 (47),55
Checkpoint-1 (47),53
Checkpoint-1 (47),52
Checkpoint-1 (48),52
Checkpoint-1 (47),52
Checkpoint-1 (47),52
Checkpoint-1 (47),52
Checkpoint-1 (47),51
Checkpoint-1 (47),51
Checkpoint-1 (48),48
Checkpoint-1 (48),44
Checkpoint-1 (48),43
Checkpoint-1 (48),41
Checkpoint-1 (48),41
Checkpoint-1 (48),41
Checkpoint-1 (48),41
Checkpoint-1 (48),41
Checkpoint-1 (48),40
Checkpoint-1 (48),40
Checkpoint-1 (49),42
Checkpoint-1 (49),43
Checkpoint-1 (49),50
Checkpoint-1 (49),50
Checkpoint-1 (49),51
Checkpoint-1 (49),52
Checkpoint-1 (49),52
Checkpoint-1 (49),52
Checkpoint-1 (49),52
Checkpoint-1 (50),57
Checkpoint-1 (50),60
Checkpoint-1 (50),62
Checkpoint-1 (50),62
Checkpoint-1 (50),63
Checkpoint-1 (50),64
Checkpoint-1 (50),64
Checkpoint-1 (50),64
Checkpoint-1 (50),64
Checkpoint-1 (51),67
Checkpoint-1 (51),69
Checkpoint-1 (51),72
Checkpoint-1 (51),72
Checkpoint-1 (51),73
Checkpoint-1 (51),74
Checkpoint-1 (51),74
Checkpoint-1 (51),74
Checkpoint-1 (51),74
Checkpoint-1 (52),76
Checkpoint-1 (52),77
Checkpoint-1 (52),77
Checkpoint-1 (52),77
Checkpoint-1 (52),77
Checkpoint-1 (52),77
Checkpoint-1 (52),77
Checkpoint-1 (52),77
Checkpoint-1 (52),77
Checkpoint-1 (53),79
Checkpoint-1 (53),80
Checkpoint-1 (53),81
Checkpoint-1 (53),81
Checkpoint-1 (53),81
Checkpoint-1 (53),82
Checkpoint-1 (53),82
Checkpoint-1 (53),82
Checkpoint-1 (53),82
Checkpoint-1,83
Checkpoint-1,83
Checkpoint-1,86
Checkpoint-1,87
Checkpoint-1,87
Checkpoint-1,88
Checkpoint-1,88
Checkpoint-1 (1),88
Checkpoint-1,88
Checkpoint-1,88
Checkpoint-1 (1),90
Checkpoint-1 (1),93
Checkpoint-1 (1),93
Checkpoint-1 (1),93
Checkpoint-1 (1),94
Checkpoint-1 (1),94
Checkpoint-1 (1),94
Checkpoint-1 (1),94
Checkpoint-1 (1),94
Checkpoint-1 (2),95
Checkpoint-1 (2),96
Checkpoint-1 (2),98
Checkpoint-1 (2),98
Checkpoint-1 (2),98
Checkpoint-1 (2),98
Checkpoint-1 (2),98
Checkpoint-1 (2),98
Checkpoint-1 (2),98
Checkpoint-1 (3),98
Checkpoint-1 (3),98
Checkpoint-1 (3),97
Checkpoint-1 (3),97
Checkpoint-1 (3),97
Checkpoint-1 (3),97
Checkpoint-1 (3),97
Checkpoint-1 (3),97
Checkpoint-1 (3),97
Checkpoint-1 (4),97
Checkpoint-1 (4),97
Checkpoint-1 (4),97
Checkpoint-1 (4),97
Checkpoint-1 (4),97
Checkpoint-1 (4),97
Checkpoint-1 (4),97
Checkpoint-1 (4),97
Checkpoint-1 (4),97
Checkpoint-1 (4),97
Checkpoint-1 (5),97
Checkpoint-1 (5),96
Checkpoint-1 (5),96
Checkpoint-1 (5),96
Checkpoint-1 (5),96
Checkpoint-1 (5),96
Checkpoint-1 (5),96
Checkpoint-1 (5),96
Checkpoint-1 (5),96
Checkpoint-1 (6),96
Checkpoint-1 (6),96
Checkpoint-1 (6),96
Checkpoint-1 (6),96
Checkpoint-1 (6),96
Checkpoint-1 (6),96
Checkpoint-1 (6),96
Checkpoint-1 (6),96
Checkpoint-1 (6),96
Checkpoint-1 (7),96
Checkpoint-1 (7),97
Checkpoint-1 (7),98
Checkpoint-1 (7),98
Checkpoint-1 (7),99
Checkpoint-1 (7),99
Checkpoint-1 (7),99
Checkpoint-1 (7),99
Checkpoint-1 (7),99
Checkpoint-1 (7),99
Checkpoint-1 (7),99
Checkpoint-1 (7),99
Checkpoint-1 (8),100
Checkpoint-1 (8),101
Checkpoint-1 (8),103
Checkpoint-1 (8),103
Checkpoint-1 (8),104
Checkpoint-1 (8),104
Checkpoint-1 (8),104
Checkpoint-1 (8),104
Checkpoint-1 (8),105
Checkpoint-1 (9),105
Checkpoint-1 (9),106
Checkpoint-1 (9),108
Checkpoint-1 (9),108
Checkpoint-1 (9),109
Checkpoint-1 (9),109
Checkpoint-1 (9),109
Checkpoint-1 (9),109
Checkpoint-1 (9),109
Checkpoint-1 (10),110
Checkpoint-1 (10),111
Checkpoint-1 (10),113
Checkpoint-1 (10),113
Checkpoint-1 (10),114
Checkpoint-1 (10),114
Checkpoint-1 (10),114
Checkpoint-1 (10),114
Checkpoint-1 (10),115
Checkpoint-1 (10),115
Checkpoint-1 (11),116
Checkpoint-1 (11),116
Checkpoint-1 (11),118
Checkpoint-1 (11),118
Checkpoint-1 (11),119
Checkpoint-1 (11),119
Checkpoint-1 (11),119
Checkpoint-1 (11),119
Checkpoint-1 (11),119
Checkpoint-1 (12),120
Checkpoint-1 (12),121
Checkpoint-1 (12),123
Checkpoint-1 (12),123
Checkpoint-1 (12),123
Checkpoint-1 (12),124
Checkpoint-1 (12),124
Checkpoint-1 (12),124
Checkpoint-1 (12),124
Checkpoint-1 (13),124
Checkpoint-1 (13),124
Checkpoint-1 (13),127
Checkpoint-1 (13),127
Checkpoint-1 (13),127
Checkpoint-1 (13),128
Checkpoint-1 (13),128
Checkpoint-1 (13),128
Checkpoint-1 (13),128
Checkpoint-1 (14),128
Checkpoint-1 (14),129
Checkpoint-1 (14),126
Checkpoint-1 (14),126
Checkpoint-1 (14),125
Checkpoint-1 (14),125
Checkpoint-1 (14),125
Checkpoint-1 (14),125
Checkpoint-1 (14),125
Checkpoint-1 (15),124
Checkpoint-1 (15),124
Checkpoint-1 (15),121
Checkpoint-1 (15),120
Checkpoint-1 (15),120
Checkpoint-1 (15),119
Checkpoint-1 (15),119
Checkpoint-1 (15),119
Checkpoint-1 (15),119
Checkpoint-1 (16),118
Checkpoint-1 (16),117
Checkpoint-1 (16),115
Checkpoint-1 (16),115
Checkpoint-1 (16),114
Checkpoint-1 (16),114
Checkpoint-1 (16),114
Checkpoint-1 (16),114
Checkpoint-1 (16),114
Checkpoint-1 (16),113
Checkpoint-1 (16),113
Checkpoint-1 (16),113
Checkpoint-1 (17),113
Checkpoint-1 (17),112
Checkpoint-1 (17),109
Checkpoint-1 (17),109
Checkpoint-1 (17),108
Checkpoint-1 (17),107
Checkpoint-1 (17),107
Checkpoint-1 (17),107
Checkpoint-1 (17),107
Checkpoint-1 (18),107
Checkpoint-1 (18),106
Checkpoint-1 (18),103
Checkpoint-1 (18),103
Checkpoint-1 (18),102
Checkpoint-1 (18),102
Checkpoint-1 (18),102
Checkpoint-1 (18),102
Checkpoint-1 (18),101
Checkpoint-1 (19),101
Checkpoint-1 (19),100
Checkpoint-1 (19),96
Checkpoint-1 (19),96
Checkpoint-1 (19),95
Checkpoint-1 (19),94
Checkpoint-1 (19),94
Checkpoint-1 (19),94
Checkpoint-1 (19),94
Checkpoint-1 (19),93
Checkpoint-1 (19),93
Checkpoint-1 (19),93
Checkpoint-1 (20),91
Checkpoint-1 (20),89
Checkpoint-1 (20),82
Checkpoint-1 (20),81
Checkpoint-1 (20),79
Checkpoint-1 (20),78
Checkpoint-1 (20),78
Checkpoint-1 (20),78
Checkpoint-1 (20),78
Checkpoint-1 (20),77
Checkpoint-1 (20),77
Checkpoint-1 (20),77
Checkpoint-1 (21),76
Checkpoint-1 (21),75
Checkpoint-1 (21),68
Checkpoint-1 (21),68
Checkpoint-1 (21),66
Checkpoint-1 (21),66
Checkpoint-1 (21),66
Checkpoint-1 (21),66
Checkpoint-1 (21),66
Checkpoint-1 (21),66
Checkpoint-1 (21),66
Checkpoint-1 (21),66
Checkpoint-1 (22),63
Checkpoint-1 (22),64
Checkpoint-1 (22),69
Checkpoint-1 (22),69
Checkpoint-1 (22),70
Checkpoint-1 (22),70
Checkpoint-1 (22),70
Checkpoint-1 (22),70
Checkpoint-1 (22),70
Checkpoint-1 (23),73
Checkpoint-1 (23),74
Checkpoint-1 (23),75
Checkpoint-1 (23),75
Checkpoint-1 (23),74
Checkpoint-1 (23),73
Checkpoint-1 (23),73
Checkpoint-1 (23),73
Checkpoint-1 (23),73
Checkpoint-1 (24),70
Checkpoint-1 (24),70
Checkpoint-1 (24),65
Checkpoint-1 (24),64
Checkpoint-1 (24),63
Checkpoint-1 (24),62
Checkpoint-1 (24),62
Checkpoint-1 (24),62
Checkpoint-1 (24),62
Checkpoint-1 (25),62
Checkpoint-1 (24),62
Checkpoint-1 (24),62
Checkpoint-1 (24),62
Checkpoint-1 (25),60
Checkpoint-1 (25),54
Checkpoint-1 (25),54
Checkpoint-1 (25),52
Checkpoint-1 (25),51
Checkpoint-1 (25),51
Checkpoint-1 (25),51
Checkpoint-1 (25),51
Checkpoint-1 (26),48
Checkpoint-1 (26),46
Checkpoint-1 (26),40
Checkpoint-1 (26),40
Checkpoint-1 (26),42
Checkpoint-1 (26),43
Checkpoint-1 (26),43
Checkpoint-1 (26),43
Checkpoint-1 (26),43
Checkpoint-1 (26),44
Checkpoint-1 (26),44
Checkpoint-1 (26),44
Checkpoint-1 (27),44
Checkpoint-1 (27),49
Checkpoint-1 (27),52
Checkpoint-1 (27),52
Checkpoint-1 (27),54
Checkpoint-1 (27),54
Checkpoint-1 (27),54
Checkpoint-1 (27),54
Checkpoint-1 (27),54
Checkpoint-1 (28),56
Checkpoint-1 (28),57
Checkpoint-1 (28),62
Checkpoint-1 (28),62
Checkpoint-1 (28),63
Checkpoint-1 (28),64
Checkpoint-1 (28),64
Checkpoint-1 (28),64
Checkpoint-1 (28),64
Checkpoint-1 (29),66
Checkpoint-1 (29),66
Checkpoint-1 (29),71
Checkpoint-1 (29),71
Checkpoint-1 (29),72
Checkpoint-1 (29),72
Checkpoint-1 (29),72
Checkpoint-1 (29),72
Checkpoint-1 (29),72
Checkpoint-1 (30),73
Checkpoint-1 (30),74
Checkpoint-1 (30),77
Checkpoint-1 (30),77
Checkpoint-1 (30),78
Checkpoint-1 (30),79
Checkpoint-1 (30),79
Checkpoint-1 (30),79
Checkpoint-1 (30),79
Checkpoint-1 (30),79
Checkpoint-1 (30),79
Checkpoint-1 (30),79
Checkpoint-1 (31),79
Checkpoint-1 (31),80
Checkpoint-1 (31),84
Checkpoint-1 (31),84
Checkpoint-1 (31),85
Checkpoint-1 (31),85
Checkpoint-1 (31),85
Checkpoint-1 (31),85
Checkpoint-1 (31),85
Checkpoint-1 (32),86
Checkpoint-1 (32),87
Checkpoint-1 (32),90
Checkpoint-1 (32),90
Checkpoint-1 (32),91
Checkpoint-1 (32),91
Checkpoint-1 (32),91
Checkpoint-1 (32),92
Checkpoint-1 (32),92
Checkpoint-1 (33),94
Checkpoint-1 (33),94
Checkpoint-1 (33),96
Checkpoint-1 (33),96
Checkpoint-1 (33),97
Checkpoint-1 (33),97
Checkpoint-1 (33),97
Checkpoint-1 (33),97
Checkpoint-1 (33),97
Checkpoint-1 (34),98
Checkpoint-1 (34),99
Checkpoint-1 (34),101
Checkpoint-1 (34),101
Checkpoint-1 (34),102
Checkpoint-1 (34),102
Checkpoint-1 (34),102
Checkpoint-1 (34),102
Checkpoint-1 (34),102
Checkpoint-1 (35),104
Checkpoint-1 (35),104
Checkpoint-1 (35),107
Checkpoint-1 (35),107
Checkpoint-1 (35),107
Checkpoint-1 (35),108
Checkpoint-1 (35),108
Checkpoint-1 (35),108
Checkpoint-1 (35),108
Checkpoint-1 (36),109
Checkpoint-1 (36),109
Checkpoint-1 (36),112
Checkpoint-1 (36),112
Checkpoint-1 (36),113
Checkpoint-1 (36),113
Checkpoint-1 (36),113
Checkpoint-1 (36),113
Checkpoint-1 (36),113
Checkpoint-1 (36),113
Checkpoint-1 (36),113
Checkpoint-1 (36),113
Checkpoint-1 (37),114
Checkpoint-1 (37),114
Checkpoint-1 (37),116
Checkpoint-1 (37),117
Checkpoint-1 (37),117
Checkpoint-1 (37),117
Checkpoint-1 (37),117
Checkpoint-1 (37),117
Checkpoint-1 (37),117
Checkpoint-1 (38),118
Checkpoint-1 (38),119
Checkpoint-1 (38),121
Checkpoint-1 (38),121
Checkpoint-1 (38),122
Checkpoint-1 (38),122
Checkpoint-1 (38),122
Checkpoint-1 (38),122
Checkpoint-1 (38),122
Checkpoint-1 (38),122
Checkpoint-1 (39),122
Checkpoint-1 (39),123
Checkpoint-1 (39),125
Checkpoint-1 (39),125
Checkpoint-1 (39),126
Checkpoint-1 (39),126
Checkpoint-1 (39),126
Checkpoint-1 (39),126
Checkpoint-1 (39),126
Checkpoint-1 (40),126
Checkpoint-1 (40),127
Checkpoint-1 (40),126
Checkpoint-1 (40),126
Checkpoint-1 (40),125
Checkpoint-1 (40),125
Checkpoint-1 (40),125
Checkpoint-1 (40),125
Checkpoint-1 (40),125
Checkpoint-1 (40),125
Checkpoint-1 (40),125
Checkpoint-1 (41),124
Checkpoint-1 (41),123
Checkpoint-1 (41),122
Checkpoint-1 (41),122
Checkpoint-1 (41),121
Checkpoint-1 (41),120
Checkpoint-1 (41),120
Checkpoint-1 (41),120
Checkpoint-1 (41),120
Checkpoint-1 (42),119
Checkpoint-1 (42),116
Checkpoint-1 (42),109
Checkpoint-1 (42),106
Checkpoint-1 (42),105
Checkpoint-1 (42),105
Checkpoint-1 (42),105
Checkpoint-1 (42),105
Checkpoint-1 (42),104
Checkpoint-1 (42),104
Checkpoint-1 (42),104
Checkpoint-1 (42),104
Checkpoint-1 (42),38
Checkpoint-1 (42),39
Checkpoint-1 (43),35
Checkpoint-1 (43),32
Checkpoint-1 (43),30
Checkpoint-1 (43),28
Checkpoint-1 (43),27
Checkpoint-1 (43),27
Checkpoint-1 (43),25
Checkpoint-1 (43),25
Checkpoint-1 (43),25
Checkpoint-1 (43),24
Checkpoint-1 (44),24
Checkpoint-1 (43),24
Checkpoint-1 (43),24
Checkpoint-1 (43),24
Checkpoint-1 (43),24
Checkpoint-1 (44),20
Checkpoint-1 (43),6
Checkpoint-1 (44),8
Checkpoint-1 (43),1
Checkpoint-1 (44),4
Checkpoint-1 (43),7
Checkpoint-1 (43),7
Checkpoint-1 (43),7
Checkpoint-1 (43),7
Checkpoint-1 (43),7
Checkpoint-1 (43),7
Checkpoint-1 (43),7
Checkpoint-1 (43),4
Checkpoint-1 (43),6
Checkpoint-1 (43),6
Checkpoint-1 (43),6
Checkpoint-1 (43),6
Checkpoint-1 (43),6
Checkpoint-1 (44),9
Checkpoint-1 (44),10
Checkpoint-1 (44),23
Checkpoint-1 (44),30
Checkpoint-1 (44),30
Checkpoint-1 (45),32
Checkpoint-1 (44),32
Checkpoint-1 (44),33
Checkpoint-1 (44),33
Checkpoint-1 (44),33
Checkpoint-1 (44),33
Checkpoint-1 (44),34
Checkpoint-1 (44),34
Checkpoint-1 (44),34
Checkpoint-1 (44),34
Checkpoint-1 (45),35
Checkpoint-1 (45),44
Checkpoint-1 (45),44
Checkpoint-1 (45),46
Checkpoint-1 (45),47
Checkpoint-1 (45),47
Checkpoint-1 (45),47
Checkpoint-1 (45),47
Checkpoint-1 (46),47
Checkpoint-1 (46),47
Checkpoint-1 (46),55
Checkpoint-1 (46),55
Checkpoint-1 (46),57
Checkpoint-1 (46),57
Checkpoint-1 (46),57
Checkpoint-1 (46),57
Checkpoint-1 (46),57
Checkpoint-1 (46),58
Checkpoint-1 (46),58
Checkpoint-1 (46),58
Checkpoint-1 (47),58
Checkpoint-1 (47),61
Checkpoint-1 (47),63
Checkpoint-1 (48),64
Checkpoint-1 (47),65
Checkpoint-1 (47),65
Checkpoint-1 (47),67
Checkpoint-1 (47),67
Checkpoint-1 (47),67
Checkpoint-1 (47),67
Checkpoint-1 (47),67
Checkpoint-1 (48),68
Checkpoint-1 (48),68
Checkpoint-1 (48),68
Checkpoint-1 (48),69
Checkpoint-1 (49),69
Checkpoint-1 (48),69
Checkpoint-1 (48),69
Checkpoint-1 (48),69
Checkpoint-1 (48),69
Checkpoint-1 (48),70
Checkpoint-1 (48),70
Checkpoint-1 (49),72
Checkpoint-1 (49),73
Checkpoint-1 (49),73
Checkpoint-1 (49),74
Checkpoint-1 (49),74
Checkpoint-1 (49),74
Checkpoint-1 (49),74
Checkpoint-1 (49),74
Checkpoint-1 (50),76
Checkpoint-1 (50),77
Checkpoint-1 (50),80
Checkpoint-1 (50),80
Checkpoint-1 (50),80
Checkpoint-1 (50),81
Checkpoint-1 (50),81
Checkpoint-1 (50),81
Checkpoint-1 (50),81
Checkpoint-1 (51),81
Checkpoint-1 (51),76
Checkpoint-1 (51),73
Checkpoint-1 (51),72
Checkpoint-1 (52),71
Checkpoint-1 (51),71
Checkpoint-1 (51),70
Checkpoint-1 (51),70
Checkpoint-1 (51),70
Checkpoint-1 (51),70
Checkpoint-1 (52),66
Checkpoint-1 (52),62
Checkpoint-1 (52),59
Checkpoint-1 (52),59
Checkpoint-1 (52),56
Checkpoint-1 (52),55
Checkpoint-1 (52),55
Checkpoint-1 (52),55
Checkpoint-1 (52),55
Checkpoint-1 (53),52
Checkpoint-1 (53),50
Checkpoint-1 (53),53
Checkpoint-1,54
Checkpoint-1 (53),54
Checkpoint-1 (53),54
Checkpoint-1 (53),54
Checkpoint-1 (53),54
Checkpoint-1 (53),54
Checkpoint-1 (53),54
Checkpoint-1,54
Checkpoint-1,56
Checkpoint-1,58
Checkpoint-1,58
Checkpoint-1,59
Checkpoint-1 (1),59
Checkpoint-1,60
Checkpoint-1,60
Checkpoint-1,60
Checkpoint-1,60
Checkpoint-1 (1),61
Checkpoint-1 (1),66
Checkpoint-1 (1),66
Checkpoint-1 (2),66
Checkpoint-1 (1),66
Checkpoint-1 (1),67
Checkpoint-1 (1),67
Checkpoint-1 (1),67
Checkpoint-1 (1),67
Checkpoint-1 (1),67
Checkpoint-1 (1),67
Checkpoint-1 (1),67
Checkpoint-1 (2),61
Checkpoint-1 (2),60
Checkpoint-1 (2),60
Checkpoint-1 (2),60
Checkpoint-1 (2),61
Checkpoint-1 (2),61
Checkpoint-1 (2),61
Checkpoint-1 (2),61
Checkpoint-1 (2),61
Checkpoint-1 (2),61
Checkpoint-1 (2),61
Checkpoint-1 (3),61
Checkpoint-1 (3),63
Checkpoint-1 (3),66
Checkpoint-1 (3),66
Checkpoint-1 (4),66
Checkpoint-1 (3),67
Checkpoint-1 (3),67
Checkpoint-1 (3),67
Checkpoint-1 (3),67
Checkpoint-1 (3),67
Checkpoint-1 (4),69
Checkpoint-1 (4),73
Checkpoint-1 (4),73
Checkpoint-1 (4),74
Checkpoint-1 (4),74
Checkpoint-1 (4),74
Checkpoint-1 (4),74
Checkpoint-1 (4),74
Checkpoint-1 (5),75
Checkpoint-1 (5),75
Checkpoint-1 (5),77
Checkpoint-1 (6),48
Checkpoint-1 (5),0
Checkpoint-1 (5),0
Checkpoint-1 (5),9
Checkpoint-1 (5),17
Checkpoint-1 (5),1
Checkpoint-1 (4),9
Checkpoint-1 (5),10
Checkpoint-1 (4),12
Checkpoint-1 (5),14
Checkpoint-1 (4),15
Checkpoint-1 (4),15
Checkpoint-1 (4),15
Checkpoint-1 (4),15
Checkpoint-1 (4),15
Checkpoint-1 (4),16
Checkpoint-1 (4),17
Checkpoint-1 (4),17
Checkpoint-1 (4),21
Checkpoint-1 (4),20
Checkpoint-1 (4),19
Checkpoint-1 (4),20
Checkpoint-1 (5),20
Checkpoint-1 (4),24
Checkpoint-1 (4),25
Checkpoint-1 (4),26
Checkpoint-1 (4),26
Checkpoint-1 (4),26
Checkpoint-1 (4),26
Checkpoint-1 (4),27
Checkpoint-1 (4),27
Checkpoint-1 (4),27
Checkpoint-1 (5),34
Checkpoint-1 (5),39
Checkpoint-1 (5),39
Checkpoint-1 (5),41
Checkpoint-1 (5),42
Checkpoint-1 (5),42
Checkpoint-1 (5),42
Checkpoint-1 (5),42
Checkpoint-1 (6),45
Checkpoint-1 (6),49
Checkpoint-1 (6),51
Checkpoint-1 (6),52
Checkpoint-1 (6),53
Checkpoint-1 (6),54
Checkpoint-1 (6),54
Checkpoint-1 (6),54
Checkpoint-1 (6),54
Checkpoint-1 (7),57
Checkpoint-1 (7),57
Checkpoint-1 (7),57
Checkpoint-1 (7),60
Checkpoint-1 (7),61
Checkpoint-1 (7),61
Checkpoint-1 (7),62
Checkpoint-1 (7),63
Checkpoint-1 (7),63
Checkpoint-1 (7),63
Checkpoint-1 (7),63
Checkpoint-1 (7),63
Checkpoint-1 (8),65
Checkpoint-1 (8),68
Checkpoint-1 (8),69
Checkpoint-1 (8),69
Checkpoint-1 (8),71
Checkpoint-1 (8),71
Checkpoint-1 (8),71
Checkpoint-1 (8),71
Checkpoint-1 (8),71
Checkpoint-1 (9),74
Checkpoint-1 (9),75
Checkpoint-1 (9),77
Checkpoint-1 (9),77
Checkpoint-1 (9),78
Checkpoint-1 (9),78
Checkpoint-1 (9),78
Checkpoint-1 (9),78
Checkpoint-1 (9),78
Checkpoint-1 (10),81
Checkpoint-1 (10),82
Checkpoint-1 (10),83
Checkpoint-1 (10),84
Checkpoint-1 (10),84
Checkpoint-1 (10),85
Checkpoint-1 (10),85
Checkpoint-1 (10),85
Checkpoint-1 (10),85
Checkpoint-1 (11),87
Checkpoint-1 (11),88
Checkpoint-1 (11),90
Checkpoint-1 (11),90
Checkpoint-1 (11),91
Checkpoint-1 (11),91
Checkpoint-1 (11),91
Checkpoint-1 (11),91
Checkpoint-1 (11),91
Checkpoint-1 (12),93
Checkpoint-1 (12),94
Checkpoint-1 (12),96
Checkpoint-1 (12),96
Checkpoint-1 (12),97
Checkpoint-1 (12),97
Checkpoint-1 (12),97
Checkpoint-1 (12),97
Checkpoint-1 (12),97
Checkpoint-1 (12),97
Checkpoint-1 (12),97
Checkpoint-1 (12),97
Checkpoint-1 (12),97
Checkpoint-1 (12),97
Checkpoint-1 (13),99
Checkpoint-1 (13),100
Checkpoint-1 (13),101
Checkpoint-1 (13),101
Checkpoint-1 (13),102
Checkpoint-1 (13),102
Checkpoint-1 (13),102
Checkpoint-1 (13),102
Checkpoint-1 (13),102
Checkpoint-1 (13),102
Checkpoint-1 (13),102
Checkpoint-1 (14),104
Checkpoint-1 (14),105
Checkpoint-1 (14),105
Checkpoint-1 (14),106
Checkpoint-1 (14),106
Checkpoint-1 (14),106
Checkpoint-1 (14),106
Checkpoint-1 (14),106
Checkpoint-1 (14),106
Checkpoint-1 (15),105
Checkpoint-1 (15),105
Checkpoint-1 (15),107
Checkpoint-1 (15),107
Checkpoint-1 (16),108
Checkpoint-1 (15),108
Checkpoint-1 (15),108
Checkpoint-1 (15),108
Checkpoint-1 (15),108
Checkpoint-1 (15),108
Checkpoint-1 (16),110
Checkpoint-1 (16),110
Checkpoint-1 (16),110
Checkpoint-1 (16),110
Checkpoint-1 (16),110
Checkpoint-1 (16),110
Checkpoint-1 (16),110
Checkpoint-1 (16),110
Checkpoint-1 (17),110
Checkpoint-1 (17),112
Checkpoint-1 (17),112
Checkpoint-1 (17),112
Checkpoint-1 (17),112
Checkpoint-1 (17),112
Checkpoint-1 (17),112
Checkpoint-1 (17),112
Checkpoint-1 (17),112
Checkpoint-1 (18),112
Checkpoint-1 (17),112
Checkpoint-1 (18),112
Checkpoint-1 (18),115
Checkpoint-1 (18),115
Checkpoint-1 (18),115
Checkpoint-1 (18),115
Checkpoint-1 (18),115
Checkpoint-1 (18),115
Checkpoint-1 (18),115
Checkpoint-1 (19),116
Checkpoint-1 (19),117
Checkpoint-1 (19),119
Checkpoint-1 (19),119
Checkpoint-1 (19),119
Checkpoint-1 (19),120
Checkpoint-1 (19),120
Checkpoint-1 (19),120
Checkpoint-1 (19),120
Checkpoint-1 (20),120
Checkpoint-1 (20),117
Checkpoint-1 (20),114
Checkpoint-1 (20),114
Checkpoint-1 (20),112
Checkpoint-1 (20),111
Checkpoint-1 (20),111
Checkpoint-1 (20),111
Checkpoint-1 (20),111
Checkpoint-1 (21),109
Checkpoint-1 (21),20
Checkpoint-1 (20),30
Checkpoint-1 (20),30
Checkpoint-1 (20),32
Checkpoint-1 (20),33
Checkpoint-1 (20),36
Checkpoint-1 (20),20
Checkpoint-1 (20),26
Checkpoint-1 (20),30
Checkpoint-1 (20),31
Checkpoint-1 (21),32
Checkpoint-1 (20),33
Checkpoint-1 (20),34
Checkpoint-1 (20),34
Checkpoint-1 (20),34
Checkpoint-1 (20),34
Checkpoint-1 (20),35
Checkpoint-1 (20),35
Checkpoint-1 (20),35
Checkpoint-1 (21),39
Checkpoint-1 (21),45
Checkpoint-1 (21),45
Checkpoint-1 (21),47
Checkpoint-1 (21),47
Checkpoint-1 (21),47
Checkpoint-1 (21),47
Checkpoint-1 (21),47
Checkpoint-1 (22),51
Checkpoint-1 (22),53
Checkpoint-1 (22),59
Checkpoint-1 (22),59
Checkpoint-1 (22),60
Checkpoint-1 (22),61
Checkpoint-1 (22),61
Checkpoint-1 (22),61
Checkpoint-1 (22),61
Checkpoint-1 (23),62
Checkpoint-1 (23),64
Checkpoint-1 (23),69
Checkpoint-1 (23),69
Checkpoint-1 (23),70
Checkpoint-1 (23),71
Checkpoint-1 (23),71
Checkpoint-1 (23),71
Checkpoint-1 (23),71
Checkpoint-1 (24),72
Checkpoint-1 (24),75
Checkpoint-1 (25),76
Checkpoint-1 (24),76
Checkpoint-1 (24),76
Checkpoint-1 (24),75
Checkpoint-1 (24),74
Checkpoint-1 (24),74
Checkpoint-1 (24),74
Checkpoint-1 (24),74
Checkpoint-1 (25),70
Checkpoint-1 (25),65
Checkpoint-1 (25),64
Checkpoint-1 (25),63
Checkpoint-1 (26),63
Checkpoint-1 (25),62
Checkpoint-1 (25),62
Checkpoint-1 (25),62
Checkpoint-1 (25),62
Checkpoint-1 (25),62
Checkpoint-1 (26),57
Checkpoint-1 (26),53
Checkpoint-1 (26),50
Checkpoint-1 (26),50
Checkpoint-1 (26),48
Checkpoint-1 (26),48
Checkpoint-1 (26),48
Checkpoint-1 (26),48
Checkpoint-1 (26),48
Checkpoint-1 (26),47
Checkpoint-1 (26),47
Checkpoint-1 (26),47
Checkpoint-1 (26),47
Checkpoint-1 (27),43
Checkpoint-1 (27),42
Checkpoint-1 (27),39
Checkpoint-1 (27),40
Checkpoint-1 (27),42
Checkpoint-1 (27),42
Checkpoint-1 (27),42
Checkpoint-1 (27),42
Checkpoint-1 (27),42
Checkpoint-1 (27),43
Checkpoint-1 (27),43
Checkpoint-1 (27),43
Checkpoint-1 (28),45
Checkpoint-1 (28),47
Checkpoint-1 (28),52
Checkpoint-1 (28),52
Checkpoint-1 (28),54
Checkpoint-1 (28),54
Checkpoint-1 (28),54
Checkpoint-1 (28),54
Checkpoint-1 (28),54
Checkpoint-1 (29),56
Checkpoint-1 (29),58
Checkpoint-1 (29),62
Checkpoint-1 (29),62
Checkpoint-1 (29),63
Checkpoint-1 (29),64
Checkpoint-1 (29),64
Checkpoint-1 (29),64
Checkpoint-1 (29),64
Checkpoint-1 (30),65
Checkpoint-1 (30),67
Checkpoint-1 (30),71
Checkpoint-1 (30),71
Checkpoint-1 (30),72
Checkpoint-1 (30),72
Checkpoint-1 (30),72
Checkpoint-1 (30),72
Checkpoint-1 (30),72
Checkpoint-1 (31),72
Checkpoint-1 (31),75
Checkpoint-1 (31),78
Checkpoint-1 (31),78
Checkpoint-1 (32),79
Checkpoint-1 (31),79
Checkpoint-1 (31),80
Checkpoint-1 (31),80
Checkpoint-1 (31),80
Checkpoint-1 (31),80
Checkpoint-1 (32),82
Checkpoint-1 (32),85
Checkpoint-1 (32),85
Checkpoint-1 (32),86
Checkpoint-1 (32),86
Checkpoint-1 (32),86
Checkpoint-1 (32),86
Checkpoint-1 (32),86
Checkpoint-1 (33),87
Checkpoint-1 (33),88
Checkpoint-1 (33),91
Checkpoint-1 (33),91
Checkpoint-1 (33),92
Checkpoint-1 (33),93
Checkpoint-1 (33),93
Checkpoint-1 (33),93
Checkpoint-1 (33),93
Checkpoint-1 (34),93
Checkpoint-1 (34),95
Checkpoint-1 (34),97
Checkpoint-1 (34),97
Checkpoint-1 (35),98
Checkpoint-1 (34),98
Checkpoint-1 (34),98
Checkpoint-1 (34),98
Checkpoint-1 (34),98
Checkpoint-1 (34),98
Checkpoint-1 (35),101
Checkpoint-1 (35),103
Checkpoint-1 (35),103
Checkpoint-1 (35),104
Checkpoint-1 (36),104
Checkpoint-1 (35),104
Checkpoint-1 (35),104
Checkpoint-1 (35),104
Checkpoint-1 (35),104
Checkpoint-1 (36),106
Checkpoint-1 (36),106
Checkpoint-1 (36),106
Checkpoint-1 (36),106
Checkpoint-1 (36),105
Checkpoint-1 (36),105
Checkpoint-1 (36),105
Checkpoint-1 (36),105
Checkpoint-1 (37),105
Checkpoint-1 (37),102
Checkpoint-1 (37),101
Checkpoint-1 (37),100
Checkpoint-1 (38),99
Checkpoint-1 (37),99
Checkpoint-1 (37),99
Checkpoint-1 (37),99
Checkpoint-1 (37),99
Checkpoint-1 (37),99
Checkpoint-1 (38),97
Checkpoint-1 (38),94
Checkpoint-1 (38),94
Checkpoint-1 (38),93
Checkpoint-1 (38),93
Checkpoint-1 (38),93
Checkpoint-1 (38),93
Checkpoint-1 (38),93
Checkpoint-1 (39),92
Checkpoint-1 (39),90
Checkpoint-1 (39),88
Checkpoint-1 (39),87
Checkpoint-1 (39),86
Checkpoint-1 (39),86
Checkpoint-1 (39),86
Checkpoint-1 (39),86
Checkpoint-1 (39),86
Checkpoint-1 (39),86
Checkpoint-1 (40),84
Checkpoint-1 (40),83
Checkpoint-1 (40),80
Checkpoint-1 (40),80
Checkpoint-1 (40),79
Checkpoint-1 (40),79
Checkpoint-1 (40),79
Checkpoint-1 (40),79
Checkpoint-1 (40),79
Checkpoint-1 (41),78
Checkpoint-1 (41),76
Checkpoint-1 (41),72
Checkpoint-1 (41),72
Checkpoint-1 (41),71
Checkpoint-1 (42),71
Checkpoint-1 (41),70
Checkpoint-1 (41),70
Checkpoint-1 (41),70
Checkpoint-1 (41),70
Checkpoint-1 (42),68
Checkpoint-1 (42),63
Checkpoint-1 (42),63
Checkpoint-1 (42),62
Checkpoint-1 (42),61
Checkpoint-1 (42),61
Checkpoint-1 (42),61
Checkpoint-1 (42),61
Checkpoint-1 (43),59
Checkpoint-1 (43),58
Checkpoint-1 (43),53
Checkpoint-1 (43),53
Checkpoint-1 (43),51
Checkpoint-1 (44),50
Checkpoint-1 (43),50
Checkpoint-1 (43),50
Checkpoint-1 (43),50
Checkpoint-1 (43),50
Checkpoint-1 (44),46
Checkpoint-1 (44),47
Checkpoint-1 (44),47
Checkpoint-1 (45),49
Checkpoint-1 (44),49
Checkpoint-1 (44),50
Checkpoint-1 (44),50
Checkpoint-1 (44),50
Checkpoint-1 (44),50
Checkpoint-1 (45),53
Checkpoint-1 (45),58
Checkpoint-1 (45),58
Checkpoint-1 (46),59
Checkpoint-1 (45),60
Checkpoint-1 (45),60
Checkpoint-1 (45),60
Checkpoint-1 (45),60
Checkpoint-1 (45),60
Checkpoint-1 (46),63
Checkpoint-1 (46),67
Checkpoint-1 (46),67
Checkpoint-1 (46),68
Checkpoint-1 (46),69
Checkpoint-1 (46),69
Checkpoint-1 (46),69
Checkpoint-1 (46),69
Checkpoint-1 (46),69
Checkpoint-1 (47),70
Checkpoint-1 (47),75
Checkpoint-1 (47),75
Checkpoint-1 (47),75
Checkpoint-1 (48),75
Checkpoint-1 (47),76
Checkpoint-1 (47),76
Checkpoint-1 (47),76
Checkpoint-1 (47),76
Checkpoint-1 (47),76
Checkpoint-1 (48),77
Checkpoint-1 (48),77
Checkpoint-1 (48),77
Checkpoint-1 (48),78
Checkpoint-1 (48),78
Checkpoint-1 (48),78
Checkpoint-1 (48),78
Checkpoint-1 (48),78
Checkpoint-1 (49),78
Checkpoint-1 (49),80
Checkpoint-1 (49),83
Checkpoint-1 (49),83
Checkpoint-1 (49),84
Checkpoint-1 (49),84
Checkpoint-1 (49),84
Checkpoint-1 (49),85
Checkpoint-1 (49),85
Checkpoint-1 (49),85
Checkpoint-1 (49),85
Checkpoint-1 (49),85
Checkpoint-1 (49),85
Checkpoint-1 (50),83
Checkpoint-1 (50),81
Checkpoint-1 (50),77
Checkpoint-1 (50),77
Checkpoint-1 (50),76
Checkpoint-1 (50),75
Checkpoint-1 (50),75
Checkpoint-1 (50),75
Checkpoint-1 (50),75
Checkpoint-1 (51),72
Checkpoint-1 (51),70
Checkpoint-1 (51),66
Checkpoint-1 (51),66
Checkpoint-1 (51),64
Checkpoint-1 (51),63
Checkpoint-1 (51),63
Checkpoint-1 (51),63
Checkpoint-1 (51),63
Checkpoint-1 (52),58
Checkpoint-1 (52),58
Checkpoint-1 (52),53
Checkpoint-1 (52),52
Checkpoint-1 (52),50
Checkpoint-1 (52),49
Checkpoint-1 (52),49
Checkpoint-1 (52),49
Checkpoint-1 (52),49
Checkpoint-1 (53),47
Checkpoint-1 (53),37
Checkpoint-1 (53),36
Checkpoint-1 (53),37
