Checkpoint-1,0
Checkpoint-1,13
Checkpoint-1,16
Checkpoint-1,25
Checkpoint-1,25
Checkpoint-1,28
Checkpoint-1,29
Checkpoint-1,29
Checkpoint-1,29
Checkpoint-1,29
Checkpoint-1 (1),37
Checkpoint-1 (1),38
Checkpoint-1 (1),42
Checkpoint-1 (1),42
Checkpoint-1 (1),44
Checkpoint-1 (1),45
Checkpoint-1 (1),45
Checkpoint-1 (1),45
Checkpoint-1 (1),45
Checkpoint-1 (1),45
Checkpoint-1 (2),50
Checkpoint-1 (2),51
Checkpoint-1 (2),54
Checkpoint-1 (2),54
Checkpoint-1 (2),55
Checkpoint-1 (2),56
Checkpoint-1 (2),56
Checkpoint-1 (2),56
Checkpoint-1 (2),56
Checkpoint-1 (2),56
Checkpoint-1 (2),56
Checkpoint-1 (2),56
Checkpoint-1 (2),56
Checkpoint-1 (2),56
Checkpoint-1 (3),60
Checkpoint-1 (3),61
Checkpoint-1 (3),64
Checkpoint-1 (3),64
Checkpoint-1 (3),65
Checkpoint-1 (3),65
Checkpoint-1 (3),65
Checkpoint-1 (3),65
Checkpoint-1 (3),65
Checkpoint-1 (4),69
Checkpoint-1 (4),69
Checkpoint-1 (4),72
Checkpoint-1 (4),72
Checkpoint-1 (4),73
Checkpoint-1 (4),74
Checkpoint-1 (4),74
Checkpoint-1 (4),74
Checkpoint-1 (4),74
Checkpoint-1 (5),77
Checkpoint-1 (5),77
Checkpoint-1 (5),80
Checkpoint-1 (5),80
Checkpoint-1 (5),80
Checkpoint-1 (5),81
Checkpoint-1 (5),81
Checkpoint-1 (5),81
Checkpoint-1 (5),81
Checkpoint-1 (6),84
Checkpoint-1 (6),84
Checkpoint-1 (6),86
Checkpoint-1 (6),86
Checkpoint-1 (6),87
Checkpoint-1 (6),88
Checkpoint-1 (6),88
Checkpoint-1 (6),88
Checkpoint-1 (6),88
Checkpoint-1 (7),90
Checkpoint-1 (7),90
Checkpoint-1 (7),92
Checkpoint-1 (7),92
Checkpoint-1 (7),93
Checkpoint-1 (7),93
Checkpoint-1 (7),93
Checkpoint-1 (7),93
Checkpoint-1 (7),93
Checkpoint-1 (8),96
Checkpoint-1 (8),96
Checkpoint-1 (8),98
Checkpoint-1 (8),98
Checkpoint-1 (8),98
Checkpoint-1 (8),99
Checkpoint-1 (8),99
Checkpoint-1 (8),99
Checkpoint-1 (8),99
Checkpoint-1 (9),101
Checkpoint-1 (9),101
Checkpoint-1 (9),102
Checkpoint-1 (9),102
Checkpoint-1 (9),103
Checkpoint-1 (9),103
Checkpoint-1 (9),103
Checkpoint-1 (9),103
Checkpoint-1 (9),103
Checkpoint-1 (9),104
Checkpoint-1 (10),102
Checkpoint-1 (10),102
Checkpoint-1 (10),100
Checkpoint-1 (10),100
Checkpoint-1 (10),99
Checkpoint-1 (10),99
Checkpoint-1 (10),99
Checkpoint-1 (10),99
Checkpoint-1 (10),99
Checkpoint-1 (10),99
Checkpoint-1 (10),99
Checkpoint-1 (10),99
Checkpoint-1 (10),99
Checkpoint-1 (10),99
Checkpoint-1 (11),96
Checkpoint-1 (11),96
Checkpoint-1 (11),94
Checkpoint-1 (11),94
Checkpoint-1 (11),93
Checkpoint-1 (11),93
Checkpoint-1 (11),93
Checkpoint-1 (11),93
Checkpoint-1 (11),93
Checkpoint-1 (12),89
Checkpoint-1 (12),89
Checkpoint-1 (12),87
Checkpoint-1 (12),87
Checkpoint-1 (12),86
Checkpoint-1 (12),86
Checkpoint-1 (12),86
Checkpoint-1 (12),86
Checkpoint-1 (12),86
Checkpoint-1 (13),82
Checkpoint-1 (13),82
Checkpoint-1 (13),80
Checkpoint-1 (13),80
Checkpoint-1 (13),79
Checkpoint-1 (13),78
Checkpoint-1 (13),78
Checkpoint-1 (13),78
Checkpoint-1 (13),78
Checkpoint-1 (14),74
Checkpoint-1 (14),74
Checkpoint-1 (14),73
Checkpoint-1 (14),73
Checkpoint-1 (14),74
Checkpoint-1 (14),74
Checkpoint-1 (14),74
Checkpoint-1 (14),75
Checkpoint-1 (14),75
Checkpoint-1 (14),75
Checkpoint-1 (15),78
Checkpoint-1 (15),78
Checkpoint-1 (15),80
Checkpoint-1 (15),80
Checkpoint-1 (15),81
Checkpoint-1 (15),82
Checkpoint-1 (15),82
Checkpoint-1 (15),82
Checkpoint-1 (15),82
Checkpoint-1 (15),82
Checkpoint-1 (15),82
Checkpoint-1 (16),85
Checkpoint-1 (16),85
Checkpoint-1 (16),87
Checkpoint-1 (16),87
Checkpoint-1 (16),88
Checkpoint-1 (16),88
Checkpoint-1 (16),88
Checkpoint-1 (16),88
Checkpoint-1 (16),88
Checkpoint-1 (17),91
Checkpoint-1 (17),91
Checkpoint-1 (17),93
Checkpoint-1 (17),93
Checkpoint-1 (17),94
Checkpoint-1 (17),94
Checkpoint-1 (17),94
Checkpoint-1 (17),95
Checkpoint-1 (17),95
Checkpoint-1 (18),97
Checkpoint-1 (18),97
Checkpoint-1 (18),98
Checkpoint-1 (18),98
Checkpoint-1 (18),97
Checkpoint-1 (18),96
Checkpoint-1 (18),96
Checkpoint-1 (18),96
Checkpoint-1 (18),96
Checkpoint-1 (18),96
Checkpoint-1 (18),96
Checkpoint-1 (18),96
Checkpoint-1 (19),93
Checkpoint-1 (19),93
Checkpoint-1 (19),91
Checkpoint-1 (19),90
Checkpoint-1 (19),89
Checkpoint-1 (19),89
Checkpoint-1 (19),89
Checkpoint-1 (19),89
Checkpoint-1 (19),89
Checkpoint-1 (19),88
Checkpoint-1 (19),88
Checkpoint-1 (19),88
Checkpoint-1 (20),83
Checkpoint-1 (20),83
Checkpoint-1 (20),80
Checkpoint-1 (20),80
Checkpoint-1 (20),78
Checkpoint-1 (20),77
Checkpoint-1 (20),77
Checkpoint-1 (20),77
Checkpoint-1 (20),77
Checkpoint-1 (20),77
Checkpoint-1 (20),77
Checkpoint-1 (20),77
Checkpoint-1 (20),77
Checkpoint-1 (20),77
Checkpoint-1 (21),69
Checkpoint-1 (21),69
Checkpoint-1 (21),66
Checkpoint-1 (21),65
Checkpoint-1 (21),64
Checkpoint-1 (21),64
Checkpoint-1 (21),64
Checkpoint-1 (21),64
Checkpoint-1 (21),64
Checkpoint-1 (22),67
Checkpoint-1 (22),68
Checkpoint-1 (22),70
Checkpoint-1 (22),70
Checkpoint-1 (22),71
Checkpoint-1 (22),71
Checkpoint-1 (22),71
Checkpoint-1 (22),71
Checkpoint-1 (22),71
Checkpoint-1 (23),77
Checkpoint-1 (23),77
Checkpoint-1 (23),79
Checkpoint-1 (23),79
Checkpoint-1 (23),80
Checkpoint-1 (23),80
Checkpoint-1 (23),80
Checkpoint-1 (23),80
Checkpoint-1 (23),80
Checkpoint-1 (24),84
Checkpoint-1 (24),85
Checkpoint-1 (24),86
Checkpoint-1 (24),86
Checkpoint-1 (24),86
Checkpoint-1 (24),86
Checkpoint-1 (24),86
Checkpoint-1 (24),86
Checkpoint-1 (24),86
Checkpoint-1 (25),86
Checkpoint-1 (25),87
Checkpoint-1 (25),87
Checkpoint-1 (25),87
Checkpoint-1 (25),87
Checkpoint-1 (25),87
Checkpoint-1 (25),87
Checkpoint-1 (25),87
Checkpoint-1 (25),87
Checkpoint-1 (26),86
Checkpoint-1 (26),86
Checkpoint-1 (26),87
Checkpoint-1 (26),87
Checkpoint-1 (26),87
Checkpoint-1 (26),87
Checkpoint-1 (26),88
Checkpoint-1 (26),88
Checkpoint-1 (26),88
Checkpoint-1 (26),88
Checkpoint-1 (26),88
Checkpoint-1 (26),88
Checkpoint-1 (27),90
Checkpoint-1 (27),91
Checkpoint-1 (27),92
Checkpoint-1 (27),92
Checkpoint-1 (27),93
Checkpoint-1 (27),93
Checkpoint-1 (27),93
Checkpoint-1 (27),93
Checkpoint-1 (27),93
Checkpoint-1 (28),96
Checkpoint-1 (28),97
Checkpoint-1 (28),98
Checkpoint-1 (28),98
Checkpoint-1 (28),98
Checkpoint-1 (28),99
Checkpoint-1 (28),99
Checkpoint-1 (28),99
Checkpoint-1 (28),99
Checkpoint-1 (29),101
Checkpoint-1 (29),102
Checkpoint-1 (29),103
Checkpoint-1 (29),103
Checkpoint-1 (29),104
Checkpoint-1 (29),104
Checkpoint-1 (29),104
Checkpoint-1 (29),104
Checkpoint-1 (29),104
Checkpoint-1 (30),107
Checkpoint-1 (30),107
Checkpoint-1 (30),108
Checkpoint-1 (30),108
Checkpoint-1 (30),108
Checkpoint-1 (30),109
Checkpoint-1 (30),109
Checkpoint-1 (30),109
Checkpoint-1 (30),109
Checkpoint-1 (30),109
Checkpoint-1 (30),109
Checkpoint-1 (30),109
Checkpoint-1 (31),111
Checkpoint-1 (31),111
Checkpoint-1 (31),113
Checkpoint-1 (31),113
Checkpoint-1 (31),113
Checkpoint-1 (31),114
Checkpoint-1 (31),114
Checkpoint-1 (31),114
Checkpoint-1 (31),114
Checkpoint-1 (32),116
Checkpoint-1 (32),116
Checkpoint-1 (32),118
Checkpoint-1 (32),118
Checkpoint-1 (32),118
Checkpoint-1 (32),118
Checkpoint-1 (32),118
Checkpoint-1 (32),118
Checkpoint-1 (32),118
Checkpoint-1 (33),121
Checkpoint-1 (33),121
Checkpoint-1 (33),122
Checkpoint-1 (33),122
Checkpoint-1 (33),122
Checkpoint-1 (33),122
Checkpoint-1 (33),122
Checkpoint-1 (33),122
Checkpoint-1 (33),122
Checkpoint-1 (34),119
Checkpoint-1 (34),119
Checkpoint-1 (34),118
Checkpoint-1 (34),118
Checkpoint-1 (34),117
Checkpoint-1 (34),117
Checkpoint-1 (34),117
Checkpoint-1 (34),117
Checkpoint-1 (34),117
Checkpoint-1 (35),114
Checkpoint-1 (35),114
Checkpoint-1 (35),112
Checkpoint-1 (35),112
Checkpoint-1 (35),112
Checkpoint-1 (35),111
Checkpoint-1 (35),111
Checkpoint-1 (35),111
Checkpoint-1 (35),111
Checkpoint-1 (36),108
Checkpoint-1 (36),108
Checkpoint-1 (36),106
Checkpoint-1 (36),106
Checkpoint-1 (36),106
Checkpoint-1 (36),105
Checkpoint-1 (36),105
Checkpoint-1 (36),105
Checkpoint-1 (36),105
Checkpoint-1 (37),102
Checkpoint-1 (37),102
Checkpoint-1 (37),101
Checkpoint-1 (37),100
Checkpoint-1 (37),100
Checkpoint-1 (37),99
Checkpoint-1 (37),99
Checkpoint-1 (37),99
Checkpoint-1 (37),99
Checkpoint-1 (38),96
Checkpoint-1 (38),96
Checkpoint-1 (38),94
Checkpoint-1 (38),94
Checkpoint-1 (38),94
Checkpoint-1 (38),93
Checkpoint-1 (38),93
Checkpoint-1 (38),93
Checkpoint-1 (38),93
Checkpoint-1 (38),93
Checkpoint-1 (38),93
Checkpoint-1 (39),90
Checkpoint-1 (39),89
Checkpoint-1 (39),88
Checkpoint-1 (39),88
Checkpoint-1 (39),87
Checkpoint-1 (39),86
Checkpoint-1 (39),86
Checkpoint-1 (39),86
Checkpoint-1 (39),86
Checkpoint-1 (40),87
Checkpoint-1 (40),87
Checkpoint-1 (40),89
Checkpoint-1 (40),89
Checkpoint-1 (40),90
Checkpoint-1 (40),90
Checkpoint-1 (40),90
Checkpoint-1 (40),90
Checkpoint-1 (40),90
Checkpoint-1 (41),93
Checkpoint-1 (41),93
Checkpoint-1 (41),95
Checkpoint-1 (41),95
Checkpoint-1 (41),96
Checkpoint-1 (41),96
Checkpoint-1 (41),96
Checkpoint-1 (41),96
Checkpoint-1 (41),96
Checkpoint-1 (42),99
Checkpoint-1 (42),99
Checkpoint-1 (42),101
Checkpoint-1 (42),101
Checkpoint-1 (42),101
Checkpoint-1 (42),102
Checkpoint-1 (42),102
Checkpoint-1 (42),102
Checkpoint-1 (42),102
Checkpoint-1 (43),104
Checkpoint-1 (43),105
Checkpoint-1 (43),106
Checkpoint-1 (43),106
Checkpoint-1 (43),107
Checkpoint-1 (43),107
Checkpoint-1 (43),107
Checkpoint-1 (43),107
Checkpoint-1 (43),107
Checkpoint-1 (44),110
Checkpoint-1 (44),110
Checkpoint-1 (44),109
Checkpoint-1 (44),109
Checkpoint-1 (44),108
Checkpoint-1 (44),108
Checkpoint-1 (44),108
Checkpoint-1 (44),108
Checkpoint-1 (44),108
Checkpoint-1 (45),105
Checkpoint-1 (45),105
Checkpoint-1 (45),103
Checkpoint-1 (45),103
Checkpoint-1 (45),103
Checkpoint-1 (45),102
Checkpoint-1 (45),102
Checkpoint-1 (45),102
Checkpoint-1 (45),102
Checkpoint-1 (46),99
Checkpoint-1 (46),98
Checkpoint-1 (46),96
Checkpoint-1 (46),96
Checkpoint-1 (46),96
Checkpoint-1 (46),95
Checkpoint-1 (46),95
Checkpoint-1 (46),95
Checkpoint-1 (46),95
Checkpoint-1 (47),87
Checkpoint-1 (47),87
Checkpoint-1 (47),84
Checkpoint-1 (47),83
Checkpoint-1 (47),82
Checkpoint-1 (47),81
Checkpoint-1 (47),81
Checkpoint-1 (47),81
Checkpoint-1 (47),81
Checkpoint-1 (47),80
Checkpoint-1 (47),80
Checkpoint-1 (47),80
Checkpoint-1 (48),75
Checkpoint-1 (48),75
Checkpoint-1 (48),72
Checkpoint-1 (48),72
Checkpoint-1 (48),71
Checkpoint-1 (48),70
Checkpoint-1 (48),70
Checkpoint-1 (48),70
Checkpoint-1 (48),70
Checkpoint-1 (48),70
Checkpoint-1 (48),70
Checkpoint-1 (48),70
Checkpoint-1 (48),70
Checkpoint-1 (49),69
Checkpoint-1 (49),69
Checkpoint-1 (49),71
Checkpoint-1 (49),71
Checkpoint-1 (49),72
Checkpoint-1 (49),72
Checkpoint-1 (49),73
Checkpoint-1 (49),73
Checkpoint-1 (49),73
Checkpoint-1 (50),78
Checkpoint-1 (50),78
Checkpoint-1 (50),80
Checkpoint-1 (50),80
Checkpoint-1 (50),81
Checkpoint-1 (50),81
Checkpoint-1 (50),81
Checkpoint-1 (50),81
Checkpoint-1 (50),81
Checkpoint-1 (51),87
Checkpoint-1 (51),87
Checkpoint-1 (51),88
Checkpoint-1 (51),88
Checkpoint-1 (51),89
Checkpoint-1 (51),89
Checkpoint-1 (51),89
Checkpoint-1 (51),89
Checkpoint-1 (51),89
Checkpoint-1 (51),89
Checkpoint-1 (51),89
Checkpoint-1 (51),89
Checkpoint-1 (51),89
Checkpoint-1 (52),90
Checkpoint-1 (52),90
Checkpoint-1 (52),90
Checkpoint-1 (52),90
Checkpoint-1 (52),91
Checkpoint-1 (52),91
Checkpoint-1 (52),91
Checkpoint-1 (52),91
Checkpoint-1 (52),91
Checkpoint-1 (53),89
Checkpoint-1 (53),89
Checkpoint-1 (53),89
Checkpoint-1 (53),90
Checkpoint-1 (53),90
Checkpoint-1 (53),90
Checkpoint-1 (53),90
Checkpoint-1 (53),90
Checkpoint-1 (53),91
Checkpoint-1,94
Checkpoint-1,94
Checkpoint-1,95
Checkpoint-1,95
Checkpoint-1,96
Checkpoint-1,96
Checkpoint-1,96
Checkpoint-1,96
Checkpoint-1,96
Checkpoint-1 (1),99
Checkpoint-1 (1),99
Checkpoint-1 (1),101
Checkpoint-1 (1),101
Checkpoint-1 (1),101
Checkpoint-1 (1),102
Checkpoint-1 (1),102
Checkpoint-1 (1),102
Checkpoint-1 (1),102
Checkpoint-1 (2),105
Checkpoint-1 (2),105
Checkpoint-1 (2),106
Checkpoint-1 (2),106
Checkpoint-1 (2),107
Checkpoint-1 (2),107
Checkpoint-1 (2),107
Checkpoint-1 (2),107
Checkpoint-1 (2),107
Checkpoint-1 (3),110
Checkpoint-1 (3),110
Checkpoint-1 (3),111
Checkpoint-1 (3),111
Checkpoint-1 (3),112
Checkpoint-1 (3),112
Checkpoint-1 (3),112
Checkpoint-1 (3),112
Checkpoint-1 (3),112
Checkpoint-1 (3),112
Checkpoint-1 (3),112
Checkpoint-1 (3),112
Checkpoint-1 (3),112
Checkpoint-1 (4),115
Checkpoint-1 (4),115
Checkpoint-1 (4),116
Checkpoint-1 (4),116
Checkpoint-1 (4),117
Checkpoint-1 (4),117
Checkpoint-1 (4),117
Checkpoint-1 (4),117
Checkpoint-1 (4),117
Checkpoint-1 (4),117
Checkpoint-1 (4),117
Checkpoint-1 (5),120
Checkpoint-1 (5),120
Checkpoint-1 (5),121
Checkpoint-1 (5),121
Checkpoint-1 (5),122
Checkpoint-1 (5),122
Checkpoint-1 (5),122
Checkpoint-1 (5),122
Checkpoint-1 (5),122
Checkpoint-1 (6),124
Checkpoint-1 (6),124
Checkpoint-1 (6),126
Checkpoint-1 (6),126
Checkpoint-1 (6),125
Checkpoint-1 (6),125
Checkpoint-1 (6),125
Checkpoint-1 (6),125
Checkpoint-1 (6),125
Checkpoint-1 (7),122
Checkpoint-1 (7),122
Checkpoint-1 (7),121
Checkpoint-1 (7),121
Checkpoint-1 (7),120
Checkpoint-1 (7),120
Checkpoint-1 (7),120
Checkpoint-1 (7),120
Checkpoint-1 (7),120
Checkpoint-1 (8),117
Checkpoint-1 (8),117
Checkpoint-1 (8),116
Checkpoint-1 (8),116
Checkpoint-1 (8),115
Checkpoint-1 (8),115
Checkpoint-1 (8),115
Checkpoint-1 (8),115
Checkpoint-1 (8),115
Checkpoint-1 (8),115
Checkpoint-1 (8),115
Checkpoint-1 (8),115
Checkpoint-1 (8),115
Checkpoint-1 (8),115
Checkpoint-1 (9),112
Checkpoint-1 (9),112
Checkpoint-1 (9),110
Checkpoint-1 (9),110
Checkpoint-1 (9),110
Checkpoint-1 (9),109
Checkpoint-1 (9),109
Checkpoint-1 (9),109
Checkpoint-1 (9),109
Checkpoint-1 (10),106
Checkpoint-1 (10),106
Checkpoint-1 (10),105
Checkpoint-1 (10),105
Checkpoint-1 (10),104
Checkpoint-1 (10),104
Checkpoint-1 (10),104
Checkpoint-1 (10),104
Checkpoint-1 (10),104
Checkpoint-1 (11),100
Checkpoint-1 (11),100
Checkpoint-1 (11),99
Checkpoint-1 (11),99
Checkpoint-1 (11),98
Checkpoint-1 (11),98
Checkpoint-1 (11),98
Checkpoint-1 (11),97
Checkpoint-1 (11),97
Checkpoint-1 (11),97
Checkpoint-1 (11),97
Checkpoint-1 (11),97
Checkpoint-1 (12),94
Checkpoint-1 (12),94
Checkpoint-1 (12),92
Checkpoint-1 (12),92
Checkpoint-1 (12),92
Checkpoint-1 (12),91
Checkpoint-1 (12),91
Checkpoint-1 (12),91
Checkpoint-1 (12),91
Checkpoint-1 (13),87
Checkpoint-1 (13),87
Checkpoint-1 (13),85
Checkpoint-1 (13),85
Checkpoint-1 (13),85
Checkpoint-1 (13),84
Checkpoint-1 (13),84
Checkpoint-1 (13),84
Checkpoint-1 (13),84
Checkpoint-1 (14),80
Checkpoint-1 (14),80
Checkpoint-1 (14),79
Checkpoint-1 (14),79
Checkpoint-1 (14),80
Checkpoint-1 (14),80
Checkpoint-1 (14),80
Checkpoint-1 (14),80
Checkpoint-1 (14),80
Checkpoint-1 (14),81
Checkpoint-1 (14),81
Checkpoint-1 (14),81
Checkpoint-1 (14),81
Checkpoint-1 (14),81
Checkpoint-1 (15),84
Checkpoint-1 (15),84
Checkpoint-1 (15),86
Checkpoint-1 (15),86
Checkpoint-1 (15),87
Checkpoint-1 (15),87
Checkpoint-1 (15),87
Checkpoint-1 (15),87
Checkpoint-1 (15),87
Checkpoint-1 (16),91
Checkpoint-1 (16),91
Checkpoint-1 (16),92
Checkpoint-1 (16),92
Checkpoint-1 (16),93
Checkpoint-1 (16),93
Checkpoint-1 (16),93
Checkpoint-1 (16),93
Checkpoint-1 (16),93
Checkpoint-1 (17),97
Checkpoint-1 (17),97
Checkpoint-1 (17),98
Checkpoint-1 (17),98
Checkpoint-1 (17),99
Checkpoint-1 (17),99
Checkpoint-1 (17),99
Checkpoint-1 (17),99
Checkpoint-1 (17),99
Checkpoint-1 (17),99
Checkpoint-1 (17),99
Checkpoint-1 (17),99
Checkpoint-1 (17),99
Checkpoint-1 (17),99
Checkpoint-1 (18),102
Checkpoint-1 (18),102
Checkpoint-1 (18),104
Checkpoint-1 (18),104
Checkpoint-1 (18),104
Checkpoint-1 (18),104
Checkpoint-1 (18),104
Checkpoint-1 (18),105
Checkpoint-1 (18),105
Checkpoint-1 (19),107
Checkpoint-1 (19),107
Checkpoint-1 (19),108
Checkpoint-1 (19),108
Checkpoint-1 (19),108
Checkpoint-1 (19),108
Checkpoint-1 (19),108
Checkpoint-1 (19),108
Checkpoint-1 (19),108
Checkpoint-1 (19),107
Checkpoint-1 (19),107
Checkpoint-1 (19),107
Checkpoint-1 (20),105
Checkpoint-1 (20),104
Checkpoint-1 (20),104
Checkpoint-1 (20),104
Checkpoint-1 (20),104
Checkpoint-1 (20),104
Checkpoint-1 (20),104
Checkpoint-1 (20),104
Checkpoint-1 (20),104
Checkpoint-1 (20),104
Checkpoint-1 (20),104
Checkpoint-1 (20),104
Checkpoint-1 (21),104
Checkpoint-1 (21),104
Checkpoint-1 (21),104
Checkpoint-1 (21),104
Checkpoint-1 (21),104
Checkpoint-1 (21),104
Checkpoint-1 (21),104
Checkpoint-1 (21),104
Checkpoint-1 (21),104
Checkpoint-1 (21),104
Checkpoint-1 (21),104
Checkpoint-1 (21),104
Checkpoint-1 (22),108
Checkpoint-1 (22),108
Checkpoint-1 (22),109
Checkpoint-1 (22),109
Checkpoint-1 (22),109
Checkpoint-1 (22),108
Checkpoint-1 (22),108
Checkpoint-1 (22),108
Checkpoint-1 (22),108
Checkpoint-1 (23),104
Checkpoint-1 (23),104
Checkpoint-1 (23),102
Checkpoint-1 (23),102
Checkpoint-1 (23),102
Checkpoint-1 (23),101
Checkpoint-1 (23),101
Checkpoint-1 (23),101
Checkpoint-1 (23),101
Checkpoint-1 (24),96
Checkpoint-1 (24),95
Checkpoint-1 (24),93
Checkpoint-1 (24),93
Checkpoint-1 (24),92
Checkpoint-1 (24),91
Checkpoint-1 (24),91
Checkpoint-1 (24),91
Checkpoint-1 (24),91
Checkpoint-1 (24),91
Checkpoint-1 (24),91
Checkpoint-1 (25),87
Checkpoint-1 (25),86
Checkpoint-1 (25),84
Checkpoint-1 (25),84
Checkpoint-1 (25),82
Checkpoint-1 (25),82
Checkpoint-1 (25),82
Checkpoint-1 (25),81
Checkpoint-1 (25),81
Checkpoint-1 (26),73
Checkpoint-1 (26),73
Checkpoint-1 (26),73
Checkpoint-1 (26),74
Checkpoint-1 (26),74
Checkpoint-1 (26),74
Checkpoint-1 (26),74
Checkpoint-1 (26),75
Checkpoint-1 (26),75
Checkpoint-1 (27),79
Checkpoint-1 (27),79
Checkpoint-1 (27),80
Checkpoint-1 (27),80
Checkpoint-1 (27),81
Checkpoint-1 (27),81
Checkpoint-1 (27),81
Checkpoint-1 (27),82
Checkpoint-1 (27),82
Checkpoint-1 (28),85
Checkpoint-1 (28),86
Checkpoint-1 (28),87
Checkpoint-1 (28),87
Checkpoint-1 (28),88
Checkpoint-1 (28),88
Checkpoint-1 (28),88
Checkpoint-1 (28),88
Checkpoint-1 (28),88
Checkpoint-1 (29),92
Checkpoint-1 (29),92
Checkpoint-1 (29),93
Checkpoint-1 (29),93
Checkpoint-1 (29),93
Checkpoint-1 (29),94
Checkpoint-1 (29),94
Checkpoint-1 (29),94
Checkpoint-1 (29),94
Checkpoint-1 (30),96
Checkpoint-1 (30),97
Checkpoint-1 (30),98
Checkpoint-1 (30),98
Checkpoint-1 (30),98
Checkpoint-1 (30),99
Checkpoint-1 (30),99
Checkpoint-1 (30),99
Checkpoint-1 (30),99
Checkpoint-1 (31),102
Checkpoint-1 (31),102
Checkpoint-1 (31),103
Checkpoint-1 (31),103
Checkpoint-1 (31),104
Checkpoint-1 (31),104
Checkpoint-1 (31),104
Checkpoint-1 (31),104
Checkpoint-1 (31),104
Checkpoint-1 (31),104
Checkpoint-1 (31),104
Checkpoint-1 (31),104
Checkpoint-1 (31),104
Checkpoint-1 (31),104
Checkpoint-1 (32),107
Checkpoint-1 (32),107
Checkpoint-1 (32),109
Checkpoint-1 (32),109
Checkpoint-1 (32),109
Checkpoint-1 (32),109
Checkpoint-1 (32),109
Checkpoint-1 (32),109
Checkpoint-1 (32),109
Checkpoint-1 (33),112
Checkpoint-1 (33),112
Checkpoint-1 (33),113
Checkpoint-1 (33),113
Checkpoint-1 (33),114
Checkpoint-1 (33),114
Checkpoint-1 (33),114
Checkpoint-1 (33),114
Checkpoint-1 (33),114
Checkpoint-1 (34),117
Checkpoint-1 (34),117
Checkpoint-1 (34),118
Checkpoint-1 (34),118
Checkpoint-1 (34),119
Checkpoint-1 (34),119
Checkpoint-1 (34),119
Checkpoint-1 (34),119
Checkpoint-1 (34),119
Checkpoint-1 (35),122
Checkpoint-1 (35),122
Checkpoint-1 (35),123
Checkpoint-1 (35),123
Checkpoint-1 (35),123
Checkpoint-1 (35),124
Checkpoint-1 (35),124
Checkpoint-1 (35),124
Checkpoint-1 (35),124
Checkpoint-1 (36),124
Checkpoint-1 (36),124
Checkpoint-1 (36),123
Checkpoint-1 (36),123
Checkpoint-1 (36),122
Checkpoint-1 (36),122
Checkpoint-1 (36),122
Checkpoint-1 (36),122
Checkpoint-1 (36),122
Checkpoint-1 (37),119
Checkpoint-1 (37),119
Checkpoint-1 (37),118
Checkpoint-1 (37),118
Checkpoint-1 (37),117
Checkpoint-1 (37),117
Checkpoint-1 (37),117
Checkpoint-1 (37),117
Checkpoint-1 (37),117
Checkpoint-1 (38),114
Checkpoint-1 (38),114
Checkpoint-1 (38),112
Checkpoint-1 (38),112
Checkpoint-1 (38),112
Checkpoint-1 (38),111
Checkpoint-1 (38),111
Checkpoint-1 (38),111
Checkpoint-1 (38),111
Checkpoint-1 (38),111
Checkpoint-1 (38),111
Checkpoint-1 (39),108
Checkpoint-1 (39),108
Checkpoint-1 (39),107
Checkpoint-1 (39),107
Checkpoint-1 (39),106
Checkpoint-1 (39),106
Checkpoint-1 (39),106
Checkpoint-1 (39),106
Checkpoint-1 (39),106
Checkpoint-1 (40),102
Checkpoint-1 (40),102
Checkpoint-1 (40),101
Checkpoint-1 (40),101
Checkpoint-1 (40),100
Checkpoint-1 (40),100
Checkpoint-1 (40),100
Checkpoint-1 (40),100
Checkpoint-1 (40),100
Checkpoint-1 (41),96
Checkpoint-1 (41),96
Checkpoint-1 (41),95
Checkpoint-1 (41),95
Checkpoint-1 (41),94
Checkpoint-1 (41),94
Checkpoint-1 (41),94
Checkpoint-1 (41),94
Checkpoint-1 (41),94
Checkpoint-1 (42),97
Checkpoint-1 (42),97
Checkpoint-1 (42),99
Checkpoint-1 (42),99
Checkpoint-1 (42),99
Checkpoint-1 (42),100
Checkpoint-1 (42),100
Checkpoint-1 (42),100
Checkpoint-1 (42),100
Checkpoint-1 (43),103
Checkpoint-1 (43),103
Checkpoint-1 (43),104
Checkpoint-1 (43),104
Checkpoint-1 (43),105
Checkpoint-1 (43),105
Checkpoint-1 (43),105
Checkpoint-1 (43),105
Checkpoint-1 (43),105
Checkpoint-1 (44),108
Checkpoint-1 (44),109
Checkpoint-1 (44),109
Checkpoint-1 (44),109
Checkpoint-1 (44),110
Checkpoint-1 (44),109
Checkpoint-1 (44),109
Checkpoint-1 (44),109
Checkpoint-1 (44),109
Checkpoint-1 (45),105
Checkpoint-1 (45),105
Checkpoint-1 (45),104
Checkpoint-1 (45),104
Checkpoint-1 (45),103
Checkpoint-1 (45),103
Checkpoint-1 (45),103
Checkpoint-1 (45),103
Checkpoint-1 (45),103
Checkpoint-1 (46),100
Checkpoint-1 (46),99
Checkpoint-1 (46),98
Checkpoint-1 (46),98
Checkpoint-1 (46),97
Checkpoint-1 (46),97
Checkpoint-1 (46),97
Checkpoint-1 (46),96
Checkpoint-1 (46),96
Checkpoint-1 (47),86
Checkpoint-1 (47),85
Checkpoint-1 (47),84
Checkpoint-1 (47),84
Checkpoint-1 (47),83
Checkpoint-1 (47),83
Checkpoint-1 (47),83
Checkpoint-1 (47),83
Checkpoint-1 (47),83
Checkpoint-1 (48),79
Checkpoint-1 (48),78
Checkpoint-1 (48),76
Checkpoint-1 (48),76
Checkpoint-1 (48),75
Checkpoint-1 (48),74
Checkpoint-1 (48),74
Checkpoint-1 (48),74
Checkpoint-1 (48),74
Checkpoint-1 (49),67
Checkpoint-1 (49),67
Checkpoint-1 (49),67
Checkpoint-1 (49),67
Checkpoint-1 (49),68
Checkpoint-1 (49),69
Checkpoint-1 (49),69
Checkpoint-1 (49),69
Checkpoint-1 (49),69
Checkpoint-1 (50),75
Checkpoint-1 (50),75
Checkpoint-1 (50),77
Checkpoint-1 (50),77
Checkpoint-1 (50),77
Checkpoint-1 (50),78
Checkpoint-1 (50),78
Checkpoint-1 (50),78
Checkpoint-1 (50),78
Checkpoint-1 (51),84
Checkpoint-1 (51),84
Checkpoint-1 (51),85
Checkpoint-1 (51),85
Checkpoint-1 (51),86
Checkpoint-1 (51),86
Checkpoint-1 (51),86
Checkpoint-1 (51),87
Checkpoint-1 (51),87
Checkpoint-1 (51),87
Checkpoint-1 (51),87
Checkpoint-1 (51),87
Checkpoint-1 (52),90
Checkpoint-1 (52),90
Checkpoint-1 (52),90
Checkpoint-1 (52),89
Checkpoint-1 (52),89
Checkpoint-1 (52),89
Checkpoint-1 (52),89
Checkpoint-1 (52),89
Checkpoint-1 (52),89
Checkpoint-1 (53),86
Checkpoint-1 (53),86
Checkpoint-1 (53),87
Checkpoint-1 (53),87
Checkpoint-1 (53),88
Checkpoint-1 (53),88
Checkpoint-1 (53),88
Checkpoint-1 (53),88
Checkpoint-1 (53),88
Checkpoint-1,91
Checkpoint-1,92
Checkpoint-1,93
Checkpoint-1,93
Checkpoint-1,94
Checkpoint-1,94
Checkpoint-1,94
Checkpoint-1,94
Checkpoint-1,94
Checkpoint-1 (1),97
Checkpoint-1 (1),97
Checkpoint-1 (1),99
Checkpoint-1 (1),99
Checkpoint-1 (1),99
Checkpoint-1 (1),99
Checkpoint-1 (1),99
Checkpoint-1 (1),100
Checkpoint-1 (1),100
Checkpoint-1 (2),103
Checkpoint-1 (2),103
Checkpoint-1 (2),104
Checkpoint-1 (2),104
Checkpoint-1 (2),105
Checkpoint-1 (2),105
Checkpoint-1 (2),105
Checkpoint-1 (2),105
Checkpoint-1 (2),105
Checkpoint-1 (2),105
Checkpoint-1 (2),105
Checkpoint-1 (2),105
Checkpoint-1 (2),105
Checkpoint-1 (3),108
Checkpoint-1 (3),108
Checkpoint-1 (3),109
Checkpoint-1 (3),109
Checkpoint-1 (3),110
Checkpoint-1 (3),110
Checkpoint-1 (3),110
Checkpoint-1 (3),110
Checkpoint-1 (3),110
Checkpoint-1 (4),113
Checkpoint-1 (4),113
Checkpoint-1 (4),114
Checkpoint-1 (4),114
Checkpoint-1 (4),115
Checkpoint-1 (4),115
Checkpoint-1 (4),115
Checkpoint-1 (4),115
Checkpoint-1 (4),115
Checkpoint-1 (5),118
Checkpoint-1 (5),118
Checkpoint-1 (5),119
Checkpoint-1 (5),119
Checkpoint-1 (5),119
Checkpoint-1 (5),120
Checkpoint-1 (5),120
Checkpoint-1 (5),120
Checkpoint-1 (5),120
Checkpoint-1 (6),122
Checkpoint-1 (6),122
Checkpoint-1 (6),123
Checkpoint-1 (6),123
Checkpoint-1 (6),124
Checkpoint-1 (6),124
Checkpoint-1 (6),124
Checkpoint-1 (6),124
Checkpoint-1 (6),124
Checkpoint-1 (7),127
Checkpoint-1 (7),127
Checkpoint-1 (7),128
Checkpoint-1 (7),128
Checkpoint-1 (7),128
Checkpoint-1 (7),129
Checkpoint-1 (7),129
Checkpoint-1 (7),129
Checkpoint-1 (7),129
Checkpoint-1 (8),131
Checkpoint-1 (8),131
Checkpoint-1 (8),132
Checkpoint-1 (8),132
Checkpoint-1 (8),132
Checkpoint-1 (8),133
Checkpoint-1 (8),133
Checkpoint-1 (8),133
Checkpoint-1 (8),133
Checkpoint-1 (9),134
Checkpoint-1 (9),134
Checkpoint-1 (9),135
Checkpoint-1 (9),135
Checkpoint-1 (9),135
Checkpoint-1 (9),136
Checkpoint-1 (9),136
Checkpoint-1 (9),136
Checkpoint-1 (9),136
Checkpoint-1 (10),138
Checkpoint-1 (10),138
Checkpoint-1 (10),139
Checkpoint-1 (10),139
Checkpoint-1 (10),139
Checkpoint-1 (10),139
Checkpoint-1 (10),139
Checkpoint-1 (10),139
Checkpoint-1 (10),139
Checkpoint-1 (11),140
Checkpoint-1 (11),140
Checkpoint-1 (11),140
Checkpoint-1 (11),140
Checkpoint-1 (11),139
Checkpoint-1 (11),139
Checkpoint-1 (11),139
Checkpoint-1 (11),139
Checkpoint-1 (11),139
Checkpoint-1 (11),139
Checkpoint-1 (11),139
Checkpoint-1 (11),139
Checkpoint-1 (12),136
Checkpoint-1 (12),136
Checkpoint-1 (12),135
Checkpoint-1 (12),135
Checkpoint-1 (12),134
Checkpoint-1 (12),134
Checkpoint-1 (12),134
Checkpoint-1 (12),134
Checkpoint-1 (12),134
Checkpoint-1 (12),134
Checkpoint-1 (13),131
Checkpoint-1 (13),131
Checkpoint-1 (13),130
Checkpoint-1 (13),130
Checkpoint-1 (13),129
Checkpoint-1 (13),129
Checkpoint-1 (13),129
Checkpoint-1 (13),129
Checkpoint-1 (14),126
Checkpoint-1 (14),126
Checkpoint-1 (14),125
Checkpoint-1 (14),125
Checkpoint-1 (14),124
Checkpoint-1 (14),124
Checkpoint-1 (14),124
Checkpoint-1 (14),124
Checkpoint-1 (14),124
Checkpoint-1 (15),121
Checkpoint-1 (15),121
Checkpoint-1 (15),120
Checkpoint-1 (15),120
Checkpoint-1 (15),119
Checkpoint-1 (15),119
Checkpoint-1 (15),119
Checkpoint-1 (15),119
Checkpoint-1 (15),119
Checkpoint-1 (16),116
Checkpoint-1 (16),116
Checkpoint-1 (16),114
Checkpoint-1 (16),114
Checkpoint-1 (16),114
Checkpoint-1 (16),113
Checkpoint-1 (16),113
Checkpoint-1 (16),113
Checkpoint-1 (16),113
Checkpoint-1 (17),110
Checkpoint-1 (17),110
Checkpoint-1 (17),109
Checkpoint-1 (17),109
Checkpoint-1 (17),108
Checkpoint-1 (17),108
Checkpoint-1 (17),108
Checkpoint-1 (17),108
Checkpoint-1 (17),108
Checkpoint-1 (18),104
Checkpoint-1 (18),104
Checkpoint-1 (18),103
Checkpoint-1 (18),103
Checkpoint-1 (18),102
Checkpoint-1 (18),102
Checkpoint-1 (18),102
Checkpoint-1 (18),102
Checkpoint-1 (18),102
Checkpoint-1 (18),102
Checkpoint-1 (19),98
Checkpoint-1 (19),98
Checkpoint-1 (19),96
Checkpoint-1 (19),96
Checkpoint-1 (19),96
Checkpoint-1 (19),95
Checkpoint-1 (19),95
Checkpoint-1 (19),95
Checkpoint-1 (19),95
Checkpoint-1 (20),87
Checkpoint-1 (20),86
Checkpoint-1 (20),83
Checkpoint-1 (20),83
Checkpoint-1 (20),81
Checkpoint-1 (20),81
Checkpoint-1 (20),81
Checkpoint-1 (20),81
Checkpoint-1 (20),80
Checkpoint-1 (21),73
Checkpoint-1 (21),73
Checkpoint-1 (21),71
Checkpoint-1 (21),71
Checkpoint-1 (21),70
Checkpoint-1 (21),69
Checkpoint-1 (21),69
Checkpoint-1 (21),69
Checkpoint-1 (21),69
Checkpoint-1 (22),67
Checkpoint-1 (22),68
Checkpoint-1 (22),70
Checkpoint-1 (22),70
Checkpoint-1 (22),70
Checkpoint-1 (22),71
Checkpoint-1 (22),71
Checkpoint-1 (22),71
Checkpoint-1 (22),71
Checkpoint-1 (23),77
Checkpoint-1 (23),77
Checkpoint-1 (23),79
Checkpoint-1 (23),79
Checkpoint-1 (23),79
Checkpoint-1 (23),80
Checkpoint-1 (23),80
Checkpoint-1 (23),80
Checkpoint-1 (23),80
Checkpoint-1 (24),84
Checkpoint-1 (24),85
Checkpoint-1 (24),86
Checkpoint-1 (24),86
Checkpoint-1 (24),86
Checkpoint-1 (24),86
Checkpoint-1 (24),86
Checkpoint-1 (24),86
Checkpoint-1 (24),86
Checkpoint-1 (25),87
Checkpoint-1 (25),87
Checkpoint-1 (25),87
Checkpoint-1 (25),87
Checkpoint-1 (25),87
Checkpoint-1 (25),87
Checkpoint-1 (25),87
Checkpoint-1 (25),87
Checkpoint-1 (25),87
Checkpoint-1 (25),87
Checkpoint-1 (25),87
Checkpoint-1 (25),87
Checkpoint-1 (26),86
Checkpoint-1 (26),86
Checkpoint-1 (26),87
Checkpoint-1 (26),87
Checkpoint-1 (26),88
Checkpoint-1 (26),88
Checkpoint-1 (26),88
Checkpoint-1 (26),88
Checkpoint-1 (26),88
Checkpoint-1 (27),91
Checkpoint-1 (27),92
Checkpoint-1 (27),93
Checkpoint-1 (27),93
Checkpoint-1 (27),94
Checkpoint-1 (27),94
Checkpoint-1 (27),94
Checkpoint-1 (27),94
Checkpoint-1 (27),94
Checkpoint-1 (28),98
Checkpoint-1 (28),98
Checkpoint-1 (28),99
Checkpoint-1 (28),99
Checkpoint-1 (28),99
Checkpoint-1 (28),100
Checkpoint-1 (28),100
Checkpoint-1 (28),100
Checkpoint-1 (28),100
Checkpoint-1 (29),103
Checkpoint-1 (29),103
Checkpoint-1 (29),104
Checkpoint-1 (29),104
Checkpoint-1 (29),105
Checkpoint-1 (29),105
Checkpoint-1 (29),105
Checkpoint-1 (29),105
Checkpoint-1 (29),105
Checkpoint-1 (30),108
Checkpoint-1 (30),108
Checkpoint-1 (30),109
Checkpoint-1 (30),110
Checkpoint-1 (30),110
Checkpoint-1 (30),110
Checkpoint-1 (30),110
Checkpoint-1 (30),110
Checkpoint-1 (30),110
Checkpoint-1 (31),113
Checkpoint-1 (31),113
Checkpoint-1 (31),115
Checkpoint-1 (31),115
Checkpoint-1 (31),115
Checkpoint-1 (31),115
Checkpoint-1 (31),115
Checkpoint-1 (31),115
Checkpoint-1 (31),115
Checkpoint-1 (31),115
Checkpoint-1 (31),115
Checkpoint-1 (31),115
Checkpoint-1 (32),118
Checkpoint-1 (32),118
Checkpoint-1 (32),119
Checkpoint-1 (32),119
Checkpoint-1 (32),120
Checkpoint-1 (32),120
Checkpoint-1 (32),120
Checkpoint-1 (32),120
Checkpoint-1 (32),120
Checkpoint-1 (33),123
Checkpoint-1 (33),123
Checkpoint-1 (33),124
Checkpoint-1 (33),124
Checkpoint-1 (33),124
Checkpoint-1 (33),124
Checkpoint-1 (33),124
Checkpoint-1 (33),124
Checkpoint-1 (33),124
Checkpoint-1 (33),124
Checkpoint-1 (34),127
Checkpoint-1 (34),127
Checkpoint-1 (34),128
Checkpoint-1 (34),128
Checkpoint-1 (34),128
Checkpoint-1 (34),129
Checkpoint-1 (34),129
Checkpoint-1 (34),129
Checkpoint-1 (34),129
Checkpoint-1 (35),131
Checkpoint-1 (35),131
Checkpoint-1 (35),132
Checkpoint-1 (35),132
Checkpoint-1 (35),133
Checkpoint-1 (35),133
Checkpoint-1 (35),133
Checkpoint-1 (35),133
Checkpoint-1 (35),133
Checkpoint-1 (36),135
Checkpoint-1 (36),135
Checkpoint-1 (36),136
Checkpoint-1 (36),136
Checkpoint-1 (36),137
Checkpoint-1 (36),137
Checkpoint-1 (36),137
Checkpoint-1 (36),137
Checkpoint-1 (36),137
Checkpoint-1 (37),139
Checkpoint-1 (37),140
Checkpoint-1 (37),140
Checkpoint-1 (37),140
Checkpoint-1 (37),141
Checkpoint-1 (37),141
Checkpoint-1 (37),141
Checkpoint-1 (37),141
Checkpoint-1 (37),141
Checkpoint-1 (38),139
Checkpoint-1 (38),138
Checkpoint-1 (38),137
Checkpoint-1 (38),137
Checkpoint-1 (38),137
Checkpoint-1 (38),137
Checkpoint-1 (38),137
Checkpoint-1 (38),137
Checkpoint-1 (38),137
Checkpoint-1 (39),134
Checkpoint-1 (39),134
Checkpoint-1 (39),133
Checkpoint-1 (39),133
Checkpoint-1 (39),132
Checkpoint-1 (39),132
Checkpoint-1 (39),132
Checkpoint-1 (39),132
Checkpoint-1 (39),132
Checkpoint-1 (40),129
Checkpoint-1 (40),129
Checkpoint-1 (40),128
Checkpoint-1 (40),128
Checkpoint-1 (40),128
Checkpoint-1 (40),127
Checkpoint-1 (40),127
Checkpoint-1 (40),127
Checkpoint-1 (40),127
Checkpoint-1 (41),125
Checkpoint-1 (41),124
Checkpoint-1 (41),123
Checkpoint-1 (41),123
Checkpoint-1 (41),123
Checkpoint-1 (41),123
Checkpoint-1 (41),123
Checkpoint-1 (41),122
Checkpoint-1 (41),122
Checkpoint-1 (42),120
Checkpoint-1 (42),119
Checkpoint-1 (42),118
Checkpoint-1 (42),118
Checkpoint-1 (42),118
Checkpoint-1 (42),117
Checkpoint-1 (42),117
Checkpoint-1 (42),117
Checkpoint-1 (42),117
Checkpoint-1 (43),114
Checkpoint-1 (43),114
Checkpoint-1 (43),113
Checkpoint-1 (43),113
Checkpoint-1 (43),113
Checkpoint-1 (43),112
Checkpoint-1 (43),112
Checkpoint-1 (43),112
Checkpoint-1 (43),112
Checkpoint-1 (43),112
Checkpoint-1 (43),112
Checkpoint-1 (43),112
Checkpoint-1 (43),112
Checkpoint-1 (44),109
Checkpoint-1 (44),109
Checkpoint-1 (44),107
Checkpoint-1 (44),107
Checkpoint-1 (44),107
Checkpoint-1 (44),107
Checkpoint-1 (44),107
Checkpoint-1 (44),107
Checkpoint-1 (44),107
Checkpoint-1 (45),103
Checkpoint-1 (45),103
Checkpoint-1 (45),102
Checkpoint-1 (45),101
Checkpoint-1 (45),101
Checkpoint-1 (45),101
Checkpoint-1 (45),101
Checkpoint-1 (45),100
Checkpoint-1 (45),100
Checkpoint-1 (46),97
Checkpoint-1 (46),96
Checkpoint-1 (46),95
Checkpoint-1 (46),95
Checkpoint-1 (46),94
Checkpoint-1 (46),94
Checkpoint-1 (46),94
Checkpoint-1 (46),94
Checkpoint-1 (46),94
Checkpoint-1 (47),85
Checkpoint-1 (47),85
Checkpoint-1 (47),83
Checkpoint-1 (47),83
Checkpoint-1 (47),82
Checkpoint-1 (47),81
Checkpoint-1 (47),81
Checkpoint-1 (47),81
Checkpoint-1 (47),81
Checkpoint-1 (47),80
Checkpoint-1 (47),80
Checkpoint-1 (47),80
Checkpoint-1 (47),80
Checkpoint-1 (47),80
Checkpoint-1 (48),74
Checkpoint-1 (48),74
Checkpoint-1 (48),72
Checkpoint-1 (48),71
Checkpoint-1 (48),70
Checkpoint-1 (48),70
Checkpoint-1 (48),70
Checkpoint-1 (48),70
Checkpoint-1 (48),69
Checkpoint-1 (49),69
Checkpoint-1 (49),69
Checkpoint-1 (49),71
Checkpoint-1 (49),71
Checkpoint-1 (49),72
Checkpoint-1 (49),72
Checkpoint-1 (49),72
Checkpoint-1 (49),72
Checkpoint-1 (49),72
Checkpoint-1 (49),73
Checkpoint-1 (49),73
Checkpoint-1 (50),78
Checkpoint-1 (50),78
Checkpoint-1 (50),80
Checkpoint-1 (50),80
Checkpoint-1 (50),81
Checkpoint-1 (50),81
Checkpoint-1 (50),81
Checkpoint-1 (50),81
Checkpoint-1 (50),81
Checkpoint-1 (51),87
Checkpoint-1 (51),87
Checkpoint-1 (51),88
Checkpoint-1 (51),88
Checkpoint-1 (51),88
Checkpoint-1 (51),89
Checkpoint-1 (51),89
Checkpoint-1 (51),89
Checkpoint-1 (51),89
Checkpoint-1 (51),89
Checkpoint-1 (51),89
Checkpoint-1 (51),89
Checkpoint-1 (52),91
Checkpoint-1 (52),91
Checkpoint-1 (52),91
Checkpoint-1 (52),91
Checkpoint-1 (52),90
Checkpoint-1 (52),90
Checkpoint-1 (52),90
Checkpoint-1 (52),90
Checkpoint-1 (52),90
Checkpoint-1 (53),86
Checkpoint-1 (53),86
Checkpoint-1 (53),88
Checkpoint-1 (53),88
Checkpoint-1 (53),88
Checkpoint-1 (53),89
Checkpoint-1 (53),89
Checkpoint-1 (53),89
Checkpoint-1 (53),89
Checkpoint-1,92
Checkpoint-1,92
Checkpoint-1,94
Checkpoint-1,94
